,Country,Happiness Rank,Happiness score,GDP per capita,Social support,Healthy life expectancy,Freedom to make life choices,Generosity,Perceptions of corruption,Dystopia + residual,Year,latitude,longitude,Code,Region,Continent_Code,Happiness scores
180,Algeria,38,6.36,1.05,0.83,0.62,0.21,0.07,0.16,3.41,2015,28.033886,1.659626,DZA,Africa,AF,Very High
181,Algeria,53,5.87,1.09,1.15,0.62,0.23,0.07,0.15,2.57,2016,28.033886,1.659626,DZA,Africa,AF,High
182,Algeria,84,5.3,0.98,1.15,0.69,0.08,0.06,0.14,2.21,2017,28.033886,1.659626,DZA,Africa,AF,Low
183,Algeria,88,5.21,1,1.16,0.79,0.09,0.07,0.11,1.99,2018,28.033886,1.659626,DZA,Africa,AF,Low
184,Algeria,100,5.01,0.94,1.14,0.75,0.08,0.12,0.13,1.84,2019,28.033886,1.659626,DZA,Africa,AF,Low
304,Mauritius,66,5.65,1.14,0.76,0.66,0.46,0.37,0.05,2.2,2015,-20.348404,57.552152,MUS,Africa,AF,High
305,Mauritius,64,5.63,1.19,1.21,0.64,0.49,0.36,0.04,1.7,2016,-20.348404,57.552152,MUS,Africa,AF,High
306,Mauritius,55,5.89,1.09,1.39,0.68,0.58,0.25,0.05,1.85,2017,-20.348404,57.552152,MUS,Africa,AF,High
307,Mauritius,57,5.89,1.12,1.4,0.8,0.5,0.22,0.06,1.8,2018,-20.348404,57.552152,MUS,Africa,AF,High
308,Mauritius,49,6.1,1.07,1.4,0.76,0.59,0.19,0.08,2.01,2019,-20.348404,57.552152,MUS,Africa,AF,High
309,Libya,67,5.62,1.07,0.95,0.52,0.41,0.17,0.1,2.39,2015,26.3351,17.228331,LBY,Africa,AF,High
310,Libya,68,5.53,1.1,1.36,0.52,0.47,0.15,0.09,1.84,2016,26.3351,17.228331,LBY,Africa,AF,High
311,Libya,70,5.57,0.99,1.35,0.55,0.5,0.12,0.15,1.92,2017,26.3351,17.228331,LBY,Africa,AF,High
312,Libya,72,5.53,1.04,1.3,0.67,0.42,0.13,0.15,1.8,2018,26.3351,17.228331,LBY,Africa,AF,High
313,Libya,80,5.49,1.02,1.2,0.62,0.45,0.14,0.17,1.89,2019,26.3351,17.228331,LBY,Africa,AF,High
354,Somalia,76,5.44,0,0.34,0.11,0.57,0.27,0.31,3.84,2015,5.152149,46.199616,SOM,Africa,AF,High
355,Somalia,93,5.15,0.02,0.72,0.11,0.6,0.29,0.28,3.12,2016,5.152149,46.199616,SOM,Africa,AF,Low
356,Somalia,98,4.98,0,0.71,0.12,0.67,0.24,0.28,2.96,2017,5.152149,46.199616,SOM,Africa,AF,Low
357,Somalia,112,4.67,0,0.7,0.27,0.56,0.24,0.27,2.63,2018,5.152149,46.199616,SOM,Africa,AF,Low
422,Morocco,90,5.15,0.84,0.39,0.59,0.26,0.04,0.08,2.95,2015,31.791702,-7.09262,MAR,Africa,AF,Low
423,Morocco,84,5.24,0.88,0.77,0.6,0.41,0.03,0.09,2.46,2016,31.791702,-7.09262,MAR,Africa,AF,Low
424,Morocco,85,5.25,0.78,0.8,0.67,0.46,0.03,0.07,2.45,2017,31.791702,-7.09262,MAR,Africa,AF,Low
425,Morocco,89,5.21,0.8,0.78,0.78,0.42,0.04,0.08,2.31,2018,31.791702,-7.09262,MAR,Africa,AF,Low
426,Morocco,97,5.09,0.76,0.65,0.75,0.45,0.04,0.08,2.38,2019,31.791702,-7.09262,MAR,Africa,AF,Low
457,Tunisia,98,5.05,0.98,0.43,0.6,0.24,0.04,0.08,2.68,2015,33.886917,9.537499,TUN,Africa,AF,Low
458,Tunisia,102,4.81,1.01,0.87,0.61,0.29,0.05,0.09,1.89,2016,33.886917,9.537499,TUN,Africa,AF,Low
459,Tunisia,111,4.59,0.9,0.91,0.69,0.27,0.04,0.06,1.72,2017,33.886917,9.537499,TUN,Africa,AF,Very Low
460,Tunisia,124,4.46,0.92,1,0.81,0.17,0.06,0.05,1.44,2018,33.886917,9.537499,TUN,Africa,AF,Very Low
461,Tunisia,128,4.39,0.87,0.87,0.78,0.24,0.06,0.04,1.53,2019,33.886917,9.537499,TUN,Africa,AF,Very Low
481,Nigeria,103,4.88,0.75,0.64,0.05,0.28,0.23,0.03,2.89,2015,9.081999,8.675277,NGA,Africa,AF,Low
482,Nigeria,95,5.07,0.78,1.22,0.06,0.39,0.23,0.03,2.37,2016,9.081999,8.675277,NGA,Africa,AF,Low
483,Nigeria,91,5.16,0.69,1.17,0.05,0.46,0.2,0.03,2.55,2017,9.081999,8.675277,NGA,Africa,AF,Low
484,Nigeria,85,5.26,0.7,1.11,0.25,0.43,0.22,0.04,2.53,2018,9.081999,8.675277,NGA,Africa,AF,Low
485,Nigeria,115,4.72,0.65,0.99,0.17,0.44,0.22,0.05,2.22,2019,9.081999,8.675277,NGA,Africa,AF,Low
496,Zambia,106,4.8,0.61,0.64,0.24,0.43,0.18,0.11,2.59,2015,-13.133897,27.849332,ZMB,Africa,AF,Low
497,Zambia,116,4.51,0.64,1,0.26,0.46,0.25,0.08,1.83,2016,-13.133897,27.849332,ZMB,Africa,AF,Very Low
498,Zambia,125,4.38,0.56,1.05,0.3,0.5,0.22,0.08,1.67,2017,-13.133897,27.849332,ZMB,Africa,AF,Very Low
499,Zambia,138,4.11,0.58,1.06,0.43,0.43,0.25,0.09,1.28,2018,-13.133897,27.849332,ZMB,Africa,AF,Very Low
500,Zambia,141,3.76,0.54,0.9,0.36,0.49,0.25,0.09,1.13,2019,-13.133897,27.849332,ZMB,Africa,AF,Very Low
521,Sierra Leone,111,4.64,0.36,0.63,0,0.31,0.24,0.08,3.01,2015,8.460555,-11.779889,SLE,Africa,AF,Low
522,Sierra Leone,106,4.71,0.37,0.98,0.01,0.32,0.29,0.07,2.67,2016,8.460555,-11.779889,SLE,Africa,AF,Low
523,Sierra Leone,113,4.57,0.26,0.81,0,0.36,0.24,0.05,2.86,2017,8.460555,-11.779889,SLE,Africa,AF,Very Low
524,Sierra Leone,129,4.37,0.27,0.84,0.24,0.31,0.25,0.05,2.42,2018,8.460555,-11.779889,SLE,Africa,AF,Very Low
525,Sierra Leone,139,3.93,0.24,0.75,0.2,0.38,0.26,0.05,2.05,2019,8.460555,-11.779889,SLE,Africa,AF,Very Low
531,Namibia,113,4.57,0.93,0.7,0.35,0.49,0.08,0.1,1.92,2015,-22.95764,18.49041,NAM,Africa,AF,Very Low
532,Namibia,111,4.57,0.96,1.1,0.34,0.52,0.08,0.09,1.48,2016,-22.95764,18.49041,NAM,Africa,AF,Very Low
533,Namibia,119,4.44,0.87,1.28,0.37,0.52,0.05,0.06,1.29,2017,-22.95764,18.49041,NAM,Africa,AF,Very Low
534,Namibia,113,4.64,0.88,1.31,0.48,0.4,0.07,0.06,1.44,2018,-22.95764,18.49041,NAM,Africa,AF,Low
535,Namibia,122,4.57,0.84,1.25,0.41,0.44,0.08,0.05,1.5,2019,-22.95764,18.49041,NAM,Africa,AF,Very Low
536,Cameroon,114,4.51,0.52,0.63,0.13,0.43,0.23,0.06,2.52,2015,7.369722,12.354722,CMR,Africa,AF,Very Low
537,Cameroon,107,4.7,0.56,0.95,0.13,0.43,0.24,0.05,2.33,2016,7.369722,12.354722,CMR,Africa,AF,Low
538,Cameroon,99,4.98,0.54,0.89,0.18,0.45,0.18,0.04,2.69,2017,7.369722,12.354722,CMR,Africa,AF,Low
539,Cameroon,96,5.04,0.55,0.91,0.33,0.38,0.19,0.04,2.65,2018,7.369722,12.354722,CMR,Africa,AF,Low
540,Cameroon,98,5.08,0.5,0.9,0.27,0.44,0.2,0.05,2.72,2019,7.369722,12.354722,CMR,Africa,AF,Low
541,Ethiopia,115,4.51,0.29,0.38,0.35,0.37,0.3,0.17,2.66,2015,9.145,40.489673,ETH,Africa,AF,Very Low
542,Ethiopia,119,4.46,0.34,0.86,0.35,0.41,0.31,0.17,2.02,2016,9.145,40.489673,ETH,Africa,AF,Very Low
543,Ethiopia,127,4.35,0.31,0.95,0.39,0.45,0.22,0.15,1.88,2017,9.145,40.489673,ETH,Africa,AF,Very Low
544,Ethiopia,134,4.29,0.34,1.03,0.53,0.34,0.21,0.1,1.73,2018,9.145,40.489673,ETH,Africa,AF,Very Low
545,Ethiopia,136,4.19,0.32,1,0.48,0.41,0.23,0.12,1.63,2019,9.145,40.489673,ETH,Africa,AF,Very Low
546,South Africa,116,4.46,1.02,0.96,0.19,0.42,0.14,0.08,1.64,2015,-30.559482,22.937506,ZAF,Africa,AF,Very Low
547,South Africa,101,4.83,1.05,1.38,0.19,0.48,0.14,0.07,1.51,2016,-30.559482,22.937506,ZAF,Africa,AF,Low
548,South Africa,105,4.72,0.94,1.41,0.33,0.52,0.1,0.06,1.37,2017,-30.559482,22.937506,ZAF,Africa,AF,Low
549,South Africa,106,4.72,0.96,1.35,0.47,0.39,0.13,0.05,1.37,2018,-30.559482,22.937506,ZAF,Africa,AF,Low
550,South Africa,109,4.81,0.9,1.26,0.41,0.43,0.13,0.06,1.63,2019,-30.559482,22.937506,ZAF,Africa,AF,Low
561,Egypt,120,4.36,0.95,0.5,0.52,0.19,0.13,0.1,1.97,2015,26.820553,30.802498,EGY,Africa,AF,Very Low
562,Egypt,104,4.74,0.99,1,0.52,0.28,0.13,0.11,1.7,2016,26.820553,30.802498,EGY,Africa,AF,Low
563,Egypt,122,4.42,0.89,1.03,0.55,0.31,0.09,0.11,1.44,2017,26.820553,30.802498,EGY,Africa,AF,Very Low
564,Egypt,137,4.17,0.91,1.04,0.64,0.24,0.08,0.07,1.19,2018,26.820553,30.802498,EGY,Africa,AF,Very Low
565,Egypt,138,4.15,0.88,0.98,0.6,0.37,0.07,0.1,1.16,2019,26.820553,30.802498,EGY,Africa,AF,Very Low
571,Kenya,122,4.36,0.52,0.76,0.3,0.41,0.41,0.07,1.88,2015,-0.023559,37.906193,KEN,Africa,AF,Very Low
572,Kenya,112,4.55,0.56,1.07,0.31,0.45,0.44,0.06,1.65,2016,-0.023559,37.906193,KEN,Africa,AF,Very Low
573,Kenya,124,4.41,0.49,1.05,0.45,0.5,0.35,0.06,1.5,2017,-0.023559,37.906193,KEN,Africa,AF,Very Low
574,Kenya,121,4.51,0.51,0.98,0.58,0.43,0.37,0.05,1.58,2018,-0.023559,37.906193,KEN,Africa,AF,Very Low
575,Kenya,121,4.58,0.48,0.91,0.54,0.52,0.39,0.07,1.68,2019,-0.023559,37.906193,KEN,Africa,AF,Very Low
581,Ghana,124,4.28,0.63,0.49,0.3,0.41,0.21,0.03,2.2,2015,7.946527,-1.023194,GHA,Africa,AF,Very Low
582,Ghana,131,4.12,0.67,0.87,0.3,0.42,0.26,0.03,1.58,2016,7.946527,-1.023194,GHA,Africa,AF,Very Low
583,Ghana,108,4.66,0.59,0.9,0.34,0.5,0.21,0.03,2.09,2017,7.946527,-1.023194,GHA,Africa,AF,Low
584,Ghana,98,5,0.61,0.87,0.49,0.38,0.24,0.04,2.37,2018,7.946527,-1.023194,GHA,Africa,AF,Low
585,Ghana,91,5.15,0.58,0.97,0.43,0.48,0.26,0.06,2.38,2019,7.946527,-1.023194,GHA,Africa,AF,Low
586,Republic of the Congo,125,4.27,0.06,0.81,0.19,0.16,0.25,0.06,2.75,2015,-0.228021,15.827659,COG,Africa,AF,Very Low
587,Republic of the Congo,124,4.29,0.81,0.83,0.29,0.44,0.12,0.08,1.72,2016,-0.228021,15.827659,COG,Africa,AF,Very Low
588,Republic of the Congo,114,4.56,0.68,0.81,0.34,0.51,0.09,0.08,2.04,2017,-0.228021,15.827659,COG,Africa,AF,Very Low
589,Republic of the Congo,103,4.81,0.67,0.8,0.51,0.37,0.1,0.09,2.26,2018,-0.228021,15.827659,COG,Africa,AF,Low
590,Republic of the Congo,88,5.19,0.63,0.76,0.46,0.39,0.12,0.12,2.72,2019,-0.228021,15.827659,COG,Africa,AF,Low
596,Democratic Republic of the Congo,127,4.24,0.77,0.48,0.28,0.38,0.12,0.1,2.11,2015,-4.038333,21.758664,COD,Africa,AF,Very Low
597,Democratic Republic of the Congo,126,4.28,0.09,1.23,0.19,0.24,0.25,0.06,2.22,2016,-4.038333,21.758664,COD,Africa,AF,Very Low
598,Democratic Republic of the Congo,132,4.25,0.07,1.14,0.2,0.31,0.2,0.05,2.27,2017,-4.038333,21.758664,COD,Africa,AF,Very Low
599,Democratic Republic of the Congo,127,4.42,0.09,1.12,0.36,0.27,0.21,0.05,2.31,2018,-4.038333,21.758664,COD,Africa,AF,Very Low
600,Democratic Republic of the Congo,131,4.31,0.06,0.83,0.28,0.36,0.25,0.08,2.44,2019,-4.038333,21.758664,COD,Africa,AF,Very Low
601,Senegal,128,4.22,0.44,0.77,0.4,0.31,0.19,0.12,1.98,2015,14.497401,-14.452362,SEN,Africa,AF,Very Low
602,Senegal,115,4.54,0.48,1.18,0.41,0.38,0.18,0.12,1.79,2016,14.497401,-14.452362,SEN,Africa,AF,Very Low
603,Senegal,109,4.63,0.43,1.12,0.43,0.41,0.14,0.08,2.03,2017,14.497401,-14.452362,SEN,Africa,AF,Low
604,Senegal,111,4.68,0.45,1.13,0.57,0.29,0.15,0.07,2.01,2018,14.497401,-14.452362,SEN,Africa,AF,Low
605,Senegal,101,4.98,0.5,0.95,0.52,0.35,0.16,0.08,2.41,2019,14.497401,-14.452362,SEN,Africa,AF,Low
611,Mauritania,130,4.2,0.61,0.84,0.29,0.13,0.23,0.18,1.93,2015,21.00789,-10.940835,MRT,Africa,AF,Very Low
612,Mauritania,123,4.29,0.65,1.27,0.29,0.1,0.2,0.14,1.65,2016,21.00789,-10.940835,MRT,Africa,AF,Very Low
613,Mauritania,126,4.36,0.56,1.25,0.29,0.13,0.13,0.09,1.91,2017,21.00789,-10.940835,MRT,Africa,AF,Very Low
614,Mauritania,122,4.49,0.57,1.17,0.49,0.07,0.11,0.09,2.01,2018,21.00789,-10.940835,MRT,Africa,AF,Very Low
615,Mauritania,129,4.37,0.54,1.11,0.43,0.19,0.13,0.12,1.86,2019,21.00789,-10.940835,MRT,Africa,AF,Very Low
616,Zimbabwe,131,4.19,0.35,0.71,0.16,0.25,0.19,0.09,2.44,2015,-19.015438,29.154857,ZWE,Africa,AF,Very Low
617,Zimbabwe,138,3.88,0.38,1.08,0.2,0.34,0.19,0.1,1.6,2016,-19.015438,29.154857,ZWE,Africa,AF,Very Low
618,Zimbabwe,144,3.69,0.36,1.09,0.25,0.41,0.13,0.1,1.36,2017,-19.015438,29.154857,ZWE,Africa,AF,Very Low
619,Zimbabwe,146,3.66,0.37,1.11,0.43,0.36,0.15,0.09,1.15,2018,-19.015438,29.154857,ZWE,Africa,AF,Very Low
620,Zimbabwe,151,3.3,0.43,1.05,0.38,0.38,0.15,0.08,0.84,2019,-19.015438,29.154857,ZWE,Africa,AF,Very Low
621,Malawi,132,4.16,0.09,0.15,0.29,0.41,0.31,0.08,2.83,2015,-13.254308,34.301525,MWI,Africa,AF,Very Low
622,Malawi,136,3.97,0.23,0.51,0.32,0.47,0.29,0.07,2.08,2016,-13.254308,34.301525,MWI,Africa,AF,Very Low
623,Malawi,147,3.59,0.19,0.54,0.31,0.53,0.21,0.08,1.73,2017,-13.254308,34.301525,MWI,Africa,AF,Very Low
624,Malawi,150,3.41,0.19,0.56,0.5,0.44,0.22,0.09,1.41,2018,-13.254308,34.301525,MWI,Africa,AF,Very Low
625,Malawi,145,3.54,0.18,0.53,0.45,0.49,0.21,0.13,1.55,2019,-13.254308,34.301525,MWI,Africa,AF,Very Low
626,Sudan,133,4.14,0.63,0.82,0.3,0,0.18,0.1,2.11,2015,12.862807,30.217636,SDN,Africa,AF,Very Low
627,Sudan,130,4.14,0.66,1.21,0.29,0.01,0.18,0.09,1.69,2016,12.862807,30.217636,SDN,Africa,AF,Very Low
628,Sudan,137,4.14,0.61,1.24,0.31,0.02,0.13,0.08,1.75,2017,12.862807,30.217636,SDN,Africa,AF,Very Low
629,Gabon,134,4.12,1.16,0.72,0.35,0.28,0.06,0.09,1.45,2015,-0.803689,11.609444,GAB,Africa,AF,Very Low
630,Gabon,118,4.47,1.2,1.16,0.36,0.31,0.04,0.08,1.32,2016,-0.803689,11.609444,GAB,Africa,AF,Very Low
631,Gabon,103,4.76,1.04,1.16,0.4,0.36,0.03,0.05,1.72,2017,-0.803689,11.609444,GAB,Africa,AF,Low
632,Gabon,104,4.8,1.06,1.18,0.57,0.29,0.04,0.05,1.6,2018,-0.803689,11.609444,GAB,Africa,AF,Low
633,Gabon,108,4.83,0.99,1.11,0.52,0.37,0.05,0.06,1.74,2019,-0.803689,11.609444,GAB,Africa,AF,Low
634,Mali,135,4.07,0.31,0.86,0.16,0.28,0.21,0.14,2.11,2015,17.570692,-3.996166,MLI,Africa,AF,Very Low
635,Mali,127,4.19,0.48,1.28,0.17,0.31,0.18,0.1,1.67,2016,17.570692,-3.996166,MLI,Africa,AF,Very Low
636,Mali,118,4.45,0.37,1.23,0.15,0.37,0.14,0.06,2.13,2017,17.570692,-3.996166,MLI,Africa,AF,Very Low
637,Mali,128,4.39,0.38,1.1,0.31,0.33,0.15,0.05,2.06,2018,17.570692,-3.996166,MLI,Africa,AF,Very Low
638,Mali,114,4.73,0.35,0.97,0.23,0.38,0.17,0.06,2.56,2019,17.570692,-3.996166,MLI,Africa,AF,Low
644,Botswana,137,3.97,1.09,0.89,0.35,0.44,0.12,0.11,0.97,2015,-22.328474,24.684866,BWA,Africa,AF,Very Low
645,Botswana,142,3.77,1.12,1.22,0.34,0.51,0.1,0.1,0.38,2016,-22.328474,24.684866,BWA,Africa,AF,Very Low
646,Botswana,146,3.59,1.02,1.17,0.42,0.56,0.04,0.09,0.29,2017,-22.328474,24.684866,BWA,Africa,AF,Very Low
647,Botswana,148,3.49,1.04,1.15,0.54,0.46,0.02,0.1,0.18,2018,-22.328474,24.684866,BWA,Africa,AF,Very Low
648,Botswana,147,3.48,1,1.09,0.49,0.51,0.03,0.1,0.26,2019,-22.328474,24.684866,BWA,Africa,AF,Very Low
649,Comoros,138,3.96,0.28,0.6,0.3,0.15,0.18,0.18,2.26,2015,-11.875001,43.872219,COM,Africa,AF,Very Low
650,Comoros,142,3.97,0.27,0.76,0.51,0.14,0.27,0.08,1.94,2018,-11.875001,43.872219,COM,Africa,AF,Very Low
651,Comoros,134,4.29,0.42,0.72,0.44,0.18,0.26,0.1,2.17,2019,-11.875001,43.872219,COM,Africa,AF,Very Low
652,Ivory Coast,139,3.92,0.56,0.58,0.04,0.41,0.2,0.16,1.97,2015,7.539989,-5.54708,CIV,Africa,AF,Very Low
653,Ivory Coast,128,4.18,0.6,0.9,0.05,0.45,0.2,0.13,1.84,2016,7.539989,-5.54708,CIV,Africa,AF,Very Low
654,Ivory Coast,107,4.67,0.54,0.87,0.08,0.47,0.15,0.1,2.46,2017,7.539989,-5.54708,CIV,Africa,AF,Low
655,Ivory Coast,99,4.94,0.57,0.81,0.23,0.35,0.15,0.09,2.74,2018,7.539989,-5.54708,CIV,Africa,AF,Low
656,Ivory Coast,85,5.23,0.54,0.8,0.15,0.4,0.17,0.09,3.08,2019,7.539989,-5.54708,CIV,Africa,AF,Low
662,Angola,141,3.87,0.85,0.66,0.05,0.01,0.12,0.08,2.09,2015,-11.202692,17.873887,AGO,Africa,AF,Very Low
663,Angola,140,3.8,0.86,1.1,0.05,0,0.1,0.07,1.61,2016,-11.202692,17.873887,AGO,Africa,AF,Very Low
664,Angola,142,3.8,0.73,1.13,0.27,0,0.08,0.06,1.53,2017,-11.202692,17.873887,AGO,Africa,AF,Very Low
665,Niger,142,3.86,0.13,0.61,0.26,0.38,0.21,0.17,2.09,2015,17.607789,8.081666,NER,Africa,AF,Very Low
666,Niger,135,4.03,0.16,0.99,0.27,0.36,0.23,0.14,1.87,2016,17.607789,8.081666,NER,Africa,AF,Very Low
667,Niger,134,4.17,0.13,0.87,0.22,0.39,0.18,0.1,2.28,2017,17.607789,8.081666,NER,Africa,AF,Very Low
668,Niger,114,4.63,0.14,0.77,0.37,0.32,0.19,0.1,2.74,2018,17.607789,8.081666,NER,Africa,AF,Low
669,Niger,103,4.91,0.11,0.7,0.3,0.44,0.21,0.14,3.02,2019,17.607789,8.081666,NER,Africa,AF,Low
670,Chad,144,3.76,0.42,0.63,0.04,0.13,0.19,0.05,2.31,2015,15.454166,18.732207,TCD,Africa,AF,Very Low
671,Chad,137,3.94,0.44,0.95,0.04,0.16,0.22,0.05,2.07,2016,15.454166,18.732207,TCD,Africa,AF,Very Low
672,Chad,131,4.3,0.36,0.91,0.05,0.19,0.18,0.06,2.55,2017,15.454166,18.732207,TCD,Africa,AF,Very Low
673,Chad,132,4.35,0.35,0.77,0.19,0.17,0.2,0.08,2.59,2018,15.454166,18.732207,TCD,Africa,AF,Very Low
674,Chad,127,4.42,0.3,0.74,0.11,0.23,0.21,0.09,2.75,2019,15.454166,18.732207,TCD,Africa,AF,Very Low
675,Burkina Faso,145,3.74,0.32,0.63,0.21,0.33,0.24,0.13,1.87,2015,12.238333,-1.561593,BFA,Africa,AF,Very Low
676,Burkina Faso,134,4.03,0.35,1.04,0.22,0.32,0.25,0.12,1.73,2016,12.238333,-1.561593,BFA,Africa,AF,Very Low
677,Burkina Faso,121,4.42,0.31,1.1,0.25,0.31,0.18,0.13,2.15,2017,12.238333,-1.561593,BFA,Africa,AF,Very Low
678,Burkina Faso,115,4.59,0.33,1.06,0.38,0.25,0.18,0.11,2.27,2018,12.238333,-1.561593,BFA,Africa,AF,Very Low
679,Burkina Faso,112,4.77,0.3,0.93,0.31,0.32,0.19,0.13,2.59,2019,12.238333,-1.561593,BFA,Africa,AF,Low
680,Uganda,146,3.74,0.35,0.91,0.2,0.44,0.27,0.06,1.51,2015,1.373333,32.290275,UGA,Africa,AF,Very Low
681,Uganda,133,4.08,0.38,1.13,0.22,0.44,0.33,0.06,1.53,2016,1.373333,32.290275,UGA,Africa,AF,Very Low
682,Uganda,135,4.16,0.32,1.09,0.24,0.45,0.26,0.06,1.74,2017,1.373333,32.290275,UGA,Africa,AF,Very Low
683,Uganda,136,4.19,0.33,1.07,0.44,0.36,0.25,0.06,1.68,2018,1.373333,32.290275,UGA,Africa,AF,Very Low
684,Uganda,126,4.43,0.31,1.05,0.38,0.4,0.26,0.06,1.96,2019,1.373333,32.290275,UGA,Africa,AF,Very Low
690,Madagascar,148,3.7,0.28,0.46,0.37,0.14,0.22,0.08,2.15,2015,-18.766947,46.869107,MDG,Africa,AF,Very Low
691,Madagascar,144,3.64,0.31,0.91,0.38,0.19,0.21,0.07,1.58,2016,-18.766947,46.869107,MDG,Africa,AF,Very Low
692,Madagascar,143,3.77,0.26,0.91,0.4,0.22,0.16,0.05,1.78,2017,-18.766947,46.869107,MDG,Africa,AF,Very Low
693,Madagascar,143,3.93,0.27,0.92,0.55,0.15,0.17,0.04,1.83,2018,-18.766947,46.869107,MDG,Africa,AF,Very Low
694,Madagascar,137,4.17,0.24,0.82,0.5,0.19,0.19,0.08,2.14,2019,-18.766947,46.869107,MDG,Africa,AF,Very Low
695,Tanzania,149,3.67,0.47,0.78,0.36,0.32,0.31,0.05,1.38,2015,-6.369028,34.888822,TZA,Africa,AF,Very Low
696,Tanzania,153,3.35,0.51,1.04,0.36,0.39,0.35,0.07,0.62,2016,-6.369028,34.888822,TZA,Africa,AF,Very Low
697,Tanzania,153,3.3,0.46,0.99,0.38,0.48,0.27,0.1,0.63,2017,-6.369028,34.888822,TZA,Africa,AF,Very Low
698,Tanzania,153,3.23,0.48,0.88,0.5,0.42,0.28,0.15,0.53,2018,-6.369028,34.888822,TZA,Africa,AF,Very Low
699,Tanzania,148,3.48,0.46,0.87,0.44,0.51,0.27,0.2,0.72,2019,-6.369028,34.888822,TZA,Africa,AF,Very Low
700,Liberia,150,3.62,0.11,0.5,0.23,0.26,0.24,0.05,2.23,2015,6.428055,-9.429499,LBR,Africa,AF,Very Low
701,Liberia,148,3.53,0.12,0.87,0.23,0.33,0.27,0.04,1.67,2016,6.428055,-9.429499,LBR,Africa,AF,Very Low
702,Liberia,149,3.5,0.08,0.86,0.27,0.42,0.21,0.03,1.64,2017,6.428055,-9.429499,LBR,Africa,AF,Very Low
703,Liberia,141,3.98,0.07,0.92,0.44,0.37,0.23,0.03,1.9,2018,6.428055,-9.429499,LBR,Africa,AF,Very Low
704,Liberia,124,4.56,0.17,0.92,0.39,0.41,0.23,0.05,2.39,2019,6.428055,-9.429499,LBR,Africa,AF,Very Low
705,Guinea,151,3.61,0.22,0.31,0.19,0.31,0.3,0.12,2.16,2015,9.945587,-9.696645,GIN,Africa,AF,Very Low
706,Guinea,149,3.51,0.24,0.79,0.19,0.35,0.26,0.11,1.55,2016,9.945587,-9.696645,GIN,Africa,AF,Very Low
707,Guinea,140,3.96,0.34,0.79,0.21,0.39,0.19,0.09,1.94,2017,9.945587,-9.696645,GIN,Africa,AF,Very Low
708,Guinea,118,4.53,0.38,0.83,0.38,0.33,0.21,0.09,2.33,2018,9.945587,-9.696645,GIN,Africa,AF,Very Low
709,Guinea,102,4.95,0.39,0.75,0.33,0.37,0.25,0.11,2.74,2019,9.945587,-9.696645,GIN,Africa,AF,Low
710,Rwanda,152,3.52,0.33,0.62,0.32,0.54,0.24,0.51,0.97,2015,-1.940278,29.873888,RWA,Africa,AF,Very Low
711,Rwanda,151,3.47,0.37,0.95,0.33,0.58,0.25,0.46,0.54,2016,-1.940278,29.873888,RWA,Africa,AF,Very Low
712,Rwanda,151,3.41,0.33,0.9,0.4,0.64,0.2,0.44,0.5,2017,-1.940278,29.873888,RWA,Africa,AF,Very Low
713,Rwanda,152,3.33,0.36,0.71,0.61,0.55,0.22,0.41,0.47,2018,-1.940278,29.873888,RWA,Africa,AF,Very Low
714,Rwanda,150,3.31,0.34,0.52,0.57,0.6,0.24,0.49,0.55,2019,-1.940278,29.873888,RWA,Africa,AF,Very Low
715,Benin,153,3.48,0.39,0.1,0.21,0.4,0.2,0.07,2.11,2015,9.30769,2.315834,BEN,Africa,AF,Very Low
716,Benin,143,3.66,0.43,0.44,0.21,0.43,0.21,0.06,1.89,2016,9.30769,2.315834,BEN,Africa,AF,Very Low
717,Benin,136,4.14,0.38,0.37,0.24,0.44,0.16,0.07,2.48,2017,9.30769,2.315834,BEN,Africa,AF,Very Low
718,Benin,102,4.88,0.39,0.44,0.4,0.35,0.18,0.08,3.05,2018,9.30769,2.315834,BEN,Africa,AF,Low
719,Benin,86,5.22,0.37,0.35,0.33,0.41,0.2,0.13,3.44,2019,9.30769,2.315834,BEN,Africa,AF,Low
725,Togo,155,3.3,0.28,0,0.25,0.35,0.18,0.12,2.14,2015,8.619543,0.824782,TGO,Africa,AF,Very Low
726,Togo,150,3.5,0.31,0.43,0.25,0.38,0.2,0.1,1.84,2016,8.619543,0.824782,TGO,Africa,AF,Very Low
727,Togo,139,4,0.26,0.47,0.25,0.43,0.16,0.1,2.32,2017,8.619543,0.824782,TGO,Africa,AF,Very Low
728,Togo,139,4.08,0.28,0.57,0.41,0.29,0.18,0.09,2.27,2018,8.619543,0.824782,TGO,Africa,AF,Very Low
729,Togo,135,4.19,0.27,0.55,0.34,0.3,0.2,0.11,2.41,2019,8.619543,0.824782,TGO,Africa,AF,Very Low
734,Burundi,157,2.91,0.07,0.23,0.16,0.04,0.2,0.09,2.1,2015,-3.373056,29.918886,BDI,Africa,AF,Very Low
735,Burundi,154,2.91,0.09,0.63,0.15,0.06,0.2,0.08,1.68,2016,-3.373056,29.918886,BDI,Africa,AF,Very Low
736,Burundi,156,2.91,0.09,0.63,0.15,0.07,0.15,0.08,1.75,2017,-3.373056,29.918886,BDI,Africa,AF,Very Low
737,Burundi,145,3.78,0.05,0.45,0.38,0.22,0.18,0.18,2.33,2018,-3.373056,29.918886,BDI,Africa,AF,Very Low
738,Burundi,140,3.78,0,0.4,0.3,0.28,0.19,0.21,2.4,2019,-3.373056,29.918886,BDI,Africa,AF,Very Low
739,Mozambique,113,4.55,0.23,0.87,0.11,0.48,0.32,0.18,2.36,2016,-18.665695,35.529562,MOZ,Africa,AF,Very Low
740,Mozambique,123,4.42,0.2,0.9,0.17,0.53,0.21,0.16,2.25,2017,-18.665695,35.529562,MOZ,Africa,AF,Very Low
741,Mozambique,123,4.47,0.2,0.99,0.39,0.49,0.2,0.14,2.06,2018,-18.665695,35.529562,MOZ,Africa,AF,Very Low
742,Mozambique,120,4.62,0.18,0.96,0.32,0.56,0.22,0.16,2.22,2019,-18.665695,35.529562,MOZ,Africa,AF,Low
743,Lesotho,139,3.81,0.52,1.19,0,0.39,0.16,0.12,1.43,2016,-29.609988,28.233608,LSO,Africa,AF,Very Low
744,Lesotho,141,3.81,0.47,1.22,0.08,0.42,0.12,0.11,1.39,2017,-29.609988,28.233608,LSO,Africa,AF,Very Low
745,Lesotho,144,3.8,0.49,1.17,0.17,0.36,0.11,0.09,1.42,2018,-29.609988,28.233608,LSO,Africa,AF,Very Low
746,Lesotho,143,3.65,0.45,1.09,0.1,0.41,0.1,0.05,1.45,2019,-29.609988,28.233608,LSO,Africa,AF,Very Low
747,Central African Republic,155,2.69,0,0,0.02,0.27,0.28,0.06,2.07,2016,6.611111,20.939444,CAF,Africa,AF,Very Low
748,Central African Republic,155,3.08,0.02,0,0.01,0.31,0.22,0.04,2.49,2017,6.611111,20.939444,CAF,Africa,AF,Very Low
749,Central African Republic,155,3.08,0.03,0,0.11,0.23,0.24,0.04,2.46,2018,6.611111,20.939444,CAF,Africa,AF,Very Low
750,Central African Republic,149,3.48,0.04,0,0,0.29,0.25,0.03,2.86,2019,6.611111,20.939444,CAF,Africa,AF,Very Low
751,Gambia,120,4.52,0.31,0.94,0.43,0.38,0.27,0.17,2.02,2018,13.443182,-15.310139,GMB,Africa,AF,Very Low
752,Gambia,113,4.75,0.26,0.88,0.35,0.4,0.43,0.16,2.27,2019,13.443182,-15.310139,GMB,Africa,AF,Low
753,Swaziland,135,4.21,0.81,1.15,0,0.31,0.07,0.13,1.73,2018,-26.522503,31.465866,SWZ,Africa,AF,Very Low
754,Swaziland,132,4.31,0.83,1.06,0.22,0.3,0.07,0.15,1.69,2019,-26.522503,31.465866,SWZ,Africa,AF,Very Low
50,Israel,11,7.27,1.34,1,0.85,0.36,0.32,0.09,3.31,2015,31.046051,34.851612,ISR,Asia,AS,Very High
51,Israel,11,7.21,1.38,1.38,0.84,0.41,0.33,0.09,2.8,2016,31.046051,34.851612,ISR,Asia,AS,Very High
52,Israel,11,7.19,1.24,1.43,0.89,0.46,0.26,0.08,2.82,2017,31.046051,34.851612,ISR,Asia,AS,Very High
53,Israel,13,7.14,1.28,1.45,1.03,0.37,0.26,0.08,2.67,2018,31.046051,34.851612,ISR,Asia,AS,Very High
54,Israel,14,7.13,1.22,1.4,1.01,0.42,0.27,0.1,2.71,2019,31.046051,34.851612,ISR,Asia,AS,Very High
101,Singapore,22,6.74,1.65,0.87,0.95,0.49,0.33,0.47,1.99,2015,1.352083,103.819836,SGP,Asia,AS,Very High
102,Singapore,26,6.57,1.69,1.35,0.95,0.55,0.35,0.46,1.22,2016,1.352083,103.819836,SGP,Asia,AS,Very High
103,Singapore,34,6.34,1.53,1.45,1.01,0.63,0.26,0.46,1.01,2017,1.352083,103.819836,SGP,Asia,AS,Very High
104,Singapore,34,6.26,1.57,1.46,1.14,0.56,0.27,0.45,0.81,2018,1.352083,103.819836,SGP,Asia,AS,Very High
105,Singapore,31,6.38,1.52,1.4,1.14,0.64,0.22,0.53,0.94,2019,1.352083,103.819836,SGP,Asia,AS,Very High
131,United Arab Emirates,28,6.57,1.57,0.87,0.73,0.56,0.27,0.36,2.22,2015,23.424076,53.847818,ARE,Asia,AS,Very High
132,United Arab Emirates,21,6.65,1.63,1.27,0.73,0.61,0.36,0.32,1.73,2016,23.424076,53.847818,ARE,Asia,AS,Very High
133,United Arab Emirates,20,6.77,1.47,1.3,0.78,0.67,0.28,0.19,2.1,2017,23.424076,53.847818,ARE,Asia,AS,Very High
134,United Arab Emirates,21,6.82,1.5,1.31,0.82,0.6,0.26,0.18,2.14,2018,23.424076,53.847818,ARE,Asia,AS,Very High
135,United Arab Emirates,21,6.79,1.43,1.25,0.79,0.65,0.28,0.22,2.17,2019,23.424076,53.847818,ARE,Asia,AS,Very High
156,Thailand,33,6.47,1.09,1.04,0.65,0.5,0.59,0.03,2.58,2015,15.870032,100.992541,THA,Asia,AS,Very High
157,Thailand,32,6.42,1.13,1.43,0.65,0.58,0.57,0.03,2.04,2016,15.870032,100.992541,THA,Asia,AS,Very High
158,Thailand,46,6.07,1.02,1.42,0.71,0.64,0.36,0.03,1.9,2017,15.870032,100.992541,THA,Asia,AS,High
159,Thailand,52,6.01,1.05,1.41,0.83,0.56,0.36,0.03,1.78,2018,15.870032,100.992541,THA,Asia,AS,High
160,Thailand,54,6,1.01,1.35,0.79,0.61,0.38,0.03,1.83,2019,15.870032,100.992541,THA,Asia,AS,High
161,Saudi Arabia,34,6.38,1.49,0.85,0.59,0.38,0.15,0.3,2.61,2015,23.885942,45.079162,SAU,Asia,AS,Very High
162,Saudi Arabia,37,6.34,1.53,1.29,0.59,0.45,0.15,0.27,2.07,2016,23.885942,45.079162,SAU,Asia,AS,Very High
163,Saudi Arabia,33,6.37,1.38,1.33,0.63,0.51,0.1,0.13,2.29,2017,23.885942,45.079162,SAU,Asia,AS,Very High
164,Saudi Arabia,28,6.37,1.4,1.36,0.8,0.44,0.08,0.13,2.17,2018,23.885942,45.079162,SAU,Asia,AS,Very High
165,Saudi Arabia,27,6.41,1.33,1.31,0.76,0.55,0.09,0.16,2.2,2019,23.885942,45.079162,SAU,Asia,AS,Very High
166,Taiwan,35,6.38,1.4,0.93,0.8,0.32,0.25,0.07,2.62,2015,23.69781,120.960515,TWN,Asia,AS,Very High
167,Taiwan,33,6.42,1.43,1.38,0.79,0.36,0.26,0.06,2.13,2016,23.69781,120.960515,TWN,Asia,AS,Very High
168,Taiwan,26,6.44,1.37,1.44,0.86,0.42,0.15,0.08,2.14,2017,23.69781,120.960515,TWN,Asia,AS,Very High
169,Taiwan,25,6.45,1.37,1.43,0.91,0.35,0.24,0.1,2.04,2018,23.69781,120.960515,TWN,Asia,AS,Very High
170,Taiwan,25,6.46,1.33,1.36,0.88,0.45,0.15,0.13,2.16,2019,23.69781,120.960515,TWN,Asia,AS,Very High
171,Qatar,36,6.38,1.82,0.88,0.72,0.57,0.32,0.48,1.58,2015,25.354826,51.183884,QAT,Asia,AS,Very High
172,Qatar,34,6.38,1.87,1.27,0.71,0.6,0.33,0.44,1.15,2016,25.354826,51.183884,QAT,Asia,AS,Very High
173,Qatar,32,6.37,1.65,1.3,0.75,0.65,0.26,0.17,1.59,2017,25.354826,51.183884,QAT,Asia,AS,Very High
174,Qatar,29,6.37,1.68,1.31,0.87,0.56,0.22,0.17,1.56,2018,25.354826,51.183884,QAT,Asia,AS,Very High
191,Kuwait,41,6.24,1.62,0.88,0.64,0.43,0.16,0.24,2.28,2015,29.31166,47.481766,KWT,Asia,AS,Very High
192,Kuwait,39,6.11,1.63,1.26,0.63,0.5,0.23,0.22,1.64,2016,29.31166,47.481766,KWT,Asia,AS,High
193,Kuwait,45,6.08,1.47,1.3,0.68,0.55,0.17,0.11,1.81,2017,29.31166,47.481766,KWT,Asia,AS,High
194,Kuwait,51,6.02,1.5,1.32,0.81,0.49,0.14,0.1,1.66,2018,29.31166,47.481766,KWT,Asia,AS,High
195,Kuwait,48,6.1,1.42,1.24,0.78,0.57,0.13,0.11,1.84,2019,29.31166,47.481766,KWT,Asia,AS,High
196,Bahrain,42,6.22,1.44,0.94,0.66,0.47,0.17,0.26,2.27,2015,25.930414,50.637772,BHR,Asia,AS,Very High
197,Bahrain,41,6.09,1.49,1.32,0.65,0.54,0.17,0.26,1.66,2016,25.930414,50.637772,BHR,Asia,AS,High
198,Bahrain,43,6.11,1.34,1.37,0.7,0.59,0.24,0.12,1.74,2017,25.930414,50.637772,BHR,Asia,AS,High
199,Bahrain,37,6.2,1.36,1.37,0.87,0.54,0.25,0.11,1.7,2018,25.930414,50.637772,BHR,Asia,AS,High
200,Bahrain,40,6.23,1.3,1.32,0.84,0.61,0.29,0.13,1.75,2019,25.930414,50.637772,BHR,Asia,AS,Very High
216,Malaysia,47,6.01,1.25,0.88,0.62,0.39,0.41,0.09,2.35,2015,4.210484,101.975766,MYS,Asia,AS,High
217,Malaysia,42,6.08,1.29,1.28,0.62,0.4,0.42,0.07,2,2016,4.210484,101.975766,MYS,Asia,AS,High
218,Malaysia,35,6.32,1.16,1.26,0.67,0.36,0.31,0.06,2.51,2017,4.210484,101.975766,MYS,Asia,AS,Very High
219,Malaysia,80,5.34,1.22,1.17,0.83,0.51,0.26,0.02,1.33,2018,4.210484,101.975766,MYS,Asia,AS,Low
220,Malaysia,82,5.38,1.17,1.17,0.79,0.6,0.27,0.06,1.32,2019,4.210484,101.975766,MYS,Asia,AS,Low
226,Uzbekistan,49,5.99,0.74,1.17,0.5,0.61,0.34,0.28,2.35,2015,41.377491,64.585262,UZB,Asia,AS,High
227,Uzbekistan,47,5.97,0.79,1.55,0.5,0.66,0.42,0.25,1.82,2016,41.377491,64.585262,UZB,Asia,AS,High
228,Uzbekistan,44,6.1,0.72,1.58,0.61,0.72,0.33,0.26,1.88,2017,41.377491,64.585262,UZB,Asia,AS,High
229,Uzbekistan,41,6.17,0.75,1.53,0.76,0.63,0.32,0.24,1.95,2018,41.377491,64.585262,UZB,Asia,AS,High
230,Uzbekistan,38,6.26,0.7,1.43,0.72,0.69,0.36,0.28,2.07,2019,41.377491,64.585262,UZB,Asia,AS,Very High
244,Japan,53,5.92,1.38,1.06,0.91,0.47,0.1,0.19,1.81,2015,36.204824,138.252924,JPN,Asia,AS,High
245,Japan,51,5.92,1.42,1.44,0.91,0.51,0.12,0.16,1.36,2016,36.204824,138.252924,JPN,Asia,AS,High
246,Japan,54,5.92,1.29,1.46,0.99,0.55,0.08,0.15,1.39,2017,36.204824,138.252924,JPN,Asia,AS,High
247,Japan,58,5.89,1.33,1.42,1.09,0.44,0.07,0.14,1.4,2018,36.204824,138.252924,JPN,Asia,AS,High
248,Japan,62,5.87,1.27,1.33,1.07,0.5,0.04,0.18,1.49,2019,36.204824,138.252924,JPN,Asia,AS,High
269,South Korea,58,5.84,1.36,0.72,0.89,0.25,0.19,0.08,2.35,2015,35.907757,127.766922,KOR,Asia,AS,High
270,South Korea,55,5.84,1.4,1.13,0.9,0.26,0.21,0.06,1.88,2016,35.907757,127.766922,KOR,Asia,AS,High
271,South Korea,57,5.88,1.27,1.2,0.96,0.24,0.18,0.05,1.98,2017,35.907757,127.766922,KOR,Asia,AS,High
272,South Korea,54,5.89,1.3,1.22,1.04,0.16,0.17,0.06,1.95,2018,35.907757,127.766922,KOR,Asia,AS,High
273,South Korea,61,5.87,1.25,1.13,1.02,0.26,0.17,0.09,1.95,2019,35.907757,127.766922,KOR,Asia,AS,High
299,Turkmenistan,65,5.66,1.08,1.04,0.44,0.37,0.23,0.28,2.21,2015,38.969719,59.556278,TKM,Asia,AS,High
300,Turkmenistan,59,5.82,1.13,1.49,0.44,0.42,0.25,0.26,1.83,2016,38.969719,59.556278,TKM,Asia,AS,High
301,Turkmenistan,68,5.64,1.02,1.53,0.52,0.42,0.2,0.04,1.92,2017,38.969719,59.556278,TKM,Asia,AS,High
302,Turkmenistan,87,5.25,1.05,1.54,0.66,0.39,0.24,0.03,1.33,2018,38.969719,59.556278,TKM,Asia,AS,Low
303,Turkmenistan,95,5.12,1.01,1.51,0.61,0.52,0.32,0.03,1.12,2019,38.969719,59.556278,TKM,Asia,AS,Low
349,Hong Kong,75,5.46,1.51,0.87,0.95,0.48,0.4,0.32,0.93,2015,22.396428,114.109497,HKG,Asia,AS,High
350,Hong Kong,71,5.47,1.55,1.26,0.94,0.49,0.37,0.29,0.55,2016,22.396428,114.109497,HKG,Asia,AS,High
351,Hong Kong,76,5.43,1.41,1.29,1.03,0.52,0.25,0.29,0.64,2017,22.396428,114.109497,HKG,Asia,AS,High
352,Hong Kong,76,5.43,1.44,1.28,1.12,0.44,0.26,0.29,0.61,2018,22.396428,114.109497,HKG,Asia,AS,High
353,Hong Kong,78,5.51,1.38,1.24,1.14,0.46,0.29,0.33,0.67,2019,22.396428,114.109497,HKG,Asia,AS,High
368,Indonesia,79,5.31,0.95,0.88,0.49,0.39,0.57,0,2.03,2015,-0.789275,113.921327,IDN,Asia,AS,Low
369,Indonesia,81,5.26,1,1.27,0.49,0.44,0.61,0.02,1.43,2016,-0.789275,113.921327,IDN,Asia,AS,Low
370,Indonesia,96,5.09,0.9,1.22,0.52,0.54,0.48,0.02,1.42,2017,-0.789275,113.921327,IDN,Asia,AS,Low
371,Indonesia,92,5.19,0.93,1.2,0.66,0.49,0.5,0.03,1.38,2018,-0.789275,113.921327,IDN,Asia,AS,Low
372,Indonesia,84,5.29,0.89,1.15,0.61,0.57,0.54,0.04,1.48,2019,-0.789275,113.921327,IDN,Asia,AS,Low
373,Jordan,80,5.3,1,0.86,0.61,0.36,0.14,0.13,2.2,2015,30.585164,36.238414,JOR,Asia,AS,Low
374,Jordan,74,5.34,0.99,1.24,0.6,0.42,0.17,0.12,1.79,2016,30.585164,36.238414,JOR,Asia,AS,Low
375,Jordan,90,5.16,0.82,1.27,0.65,0.47,0.13,0.13,1.7,2017,30.585164,36.238414,JOR,Asia,AS,Low
376,Jordan,101,4.91,0.84,1.22,0.81,0.38,0.11,0.13,1.41,2018,30.585164,36.238414,JOR,Asia,AS,Low
377,Jordan,119,4.63,0.79,1.14,0.78,0.42,0.09,0.15,1.26,2019,30.585164,36.238414,JOR,Asia,AS,Low
383,Philippines,82,5.28,0.81,0.88,0.47,0.55,0.22,0.12,2.23,2015,12.879721,121.774017,PHL,Asia,AS,Low
384,Philippines,72,5.43,0.86,1.25,0.47,0.59,0.19,0.1,1.97,2016,12.879721,121.774017,PHL,Asia,AS,High
385,Philippines,71,5.52,0.78,1.31,0.51,0.64,0.12,0.11,2.06,2017,12.879721,121.774017,PHL,Asia,AS,High
386,Philippines,69,5.63,0.81,1.29,0.66,0.56,0.12,0.11,2.09,2018,12.879721,121.774017,PHL,Asia,AS,High
387,Philippines,52,6.01,0.78,1.25,0.6,0.62,0.13,0.13,2.5,2019,12.879721,121.774017,PHL,Asia,AS,High
388,China,82,5.25,1.03,0.79,0.74,0.44,0.05,0.03,2.17,2015,35.86166,104.195397,CHN,Asia,AS,Low
389,China,79,5.27,1.08,1.16,0.74,0.47,0.03,0.02,1.76,2016,35.86166,104.195397,CHN,Asia,AS,Low
390,China,86,5.25,0.99,1.14,0.8,0.6,0.03,0.1,1.59,2017,35.86166,104.195397,CHN,Asia,AS,Low
391,China,93,5.19,1.03,1.12,0.89,0.52,0.06,0.1,1.47,2018,35.86166,104.195397,CHN,Asia,AS,Low
392,China,94,5.12,0.99,1.13,0.87,0.6,0.08,0.12,1.34,2019,35.86166,104.195397,CHN,Asia,AS,Low
393,Bhutan,84,5.2,0.85,0.91,0.5,0.46,0.49,0.16,1.83,2015,27.514162,90.433601,BTN,Asia,AS,Low
394,Bhutan,97,5.01,0.89,1.34,0.5,0.5,0.47,0.17,1.14,2016,27.514162,90.433601,BTN,Asia,AS,Low
395,Bhutan,97,5.08,0.8,1.34,0.53,0.54,0.36,0.17,1.35,2017,27.514162,90.433601,BTN,Asia,AS,Low
396,Bhutan,95,5.08,0.81,1.32,0.6,0.46,0.37,0.17,1.35,2018,27.514162,90.433601,BTN,Asia,AS,Low
397,Kyrgyzstan,85,5.19,0.56,0.95,0.55,0.4,0.38,0.05,2.28,2015,41.20438,74.766098,KGZ,Asia,AS,Low
398,Kyrgyzstan,98,5,0.6,1.39,0.55,0.45,0.43,0.04,1.54,2016,41.20438,74.766098,KGZ,Asia,AS,Low
399,Kyrgyzstan,92,5.13,0.53,1.42,0.59,0.54,0.28,0.04,1.74,2017,41.20438,74.766098,KGZ,Asia,AS,Low
400,Kyrgyzstan,86,5.26,0.55,1.44,0.72,0.51,0.3,0.02,1.72,2018,41.20438,74.766098,KGZ,Asia,AS,Low
401,Kyrgyzstan,74,5.54,0.51,1.34,0.68,0.61,0.3,0.03,2.06,2019,41.20438,74.766098,KGZ,Asia,AS,High
432,Pakistan,92,5.13,0.69,0.26,0.4,0.15,0.31,0.14,3.18,2015,30.375321,69.345116,PAK,Asia,AS,Low
433,Pakistan,80,5.27,0.73,0.67,0.4,0.24,0.32,0.12,2.79,2016,30.375321,69.345116,PAK,Asia,AS,Low
434,Pakistan,75,5.47,0.65,0.81,0.42,0.33,0.22,0.11,2.92,2017,30.375321,69.345116,PAK,Asia,AS,High
435,Pakistan,67,5.65,0.68,0.89,0.54,0.31,0.22,0.1,2.92,2018,30.375321,69.345116,PAK,Asia,AS,High
436,Pakistan,66,5.69,0.62,0.87,0.47,0.41,0.23,0.12,2.98,2019,30.375321,69.345116,PAK,Asia,AS,High
437,Lebanon,93,5.13,1.12,0.64,0.76,0.26,0.24,0.03,2.07,2015,33.854721,35.862285,LBN,Asia,AS,Low
438,Lebanon,88,5.23,1.07,1.13,0.74,0.29,0.26,0.04,1.7,2016,33.854721,35.862285,LBN,Asia,AS,Low
439,Lebanon,88,5.2,0.97,1.17,0.79,0.29,0.19,0.03,1.77,2017,33.854721,35.862285,LBN,Asia,AS,Low
440,Lebanon,91,5.2,0.99,1.22,0.81,0.22,0.17,0.03,1.76,2018,33.854721,35.862285,LBN,Asia,AS,Low
441,Lebanon,111,4.77,0.89,1.19,0.79,0.19,0.16,0.02,1.54,2019,33.854721,35.862285,LBN,Asia,AS,Low
452,Vietnam,96,5.06,0.74,0.79,0.66,0.56,0.25,0.12,1.94,2015,14.058324,108.277199,VNM,Asia,AS,Low
453,Vietnam,94,5.07,0.79,1.28,0.65,0.57,0.23,0.09,1.46,2016,14.058324,108.277199,VNM,Asia,AS,Low
454,Vietnam,95,5.1,0.72,1.37,0.7,0.62,0.18,0.08,1.45,2017,14.058324,108.277199,VNM,Asia,AS,Low
455,Vietnam,94,5.18,0.74,1.35,0.85,0.54,0.15,0.07,1.47,2018,14.058324,108.277199,VNM,Asia,AS,Low
456,Vietnam,83,5.35,0.72,1.25,0.82,0.65,0.14,0.09,1.69,2019,14.058324,108.277199,VNM,Asia,AS,Low
467,Tajikistan,100,5,0.49,0.76,0.53,0.43,0.26,0.14,2.39,2015,38.861034,71.276093,TJK,Asia,AS,Low
468,Tajikistan,96,5.04,0.52,1.27,0.53,0.47,0.25,0.15,1.85,2016,38.861034,71.276093,TJK,Asia,AS,Low
469,Tajikistan,80,5.35,0.47,1.18,0.6,0.5,0.21,0.14,2.25,2017,38.861034,71.276093,TJK,Asia,AS,Low
470,Tajikistan,74,5.47,0.49,1.1,0.72,0.39,0.23,0.14,2.4,2018,38.861034,71.276093,TJK,Asia,AS,High
471,Tajikistan,71,5.56,0.47,1.22,0.68,0.52,0.18,0.22,2.26,2019,38.861034,71.276093,TJK,Asia,AS,High
472,Mongolia,101,4.91,0.99,1.09,0.55,0.36,0.35,0.03,1.54,2015,46.862496,103.846656,MNG,Asia,AS,Low
473,Mongolia,100,4.96,1.03,1.49,0.56,0.39,0.34,0.03,1.11,2016,46.862496,103.846656,MNG,Asia,AS,Low
474,Mongolia,94,5.13,0.91,1.52,0.58,0.4,0.25,0.03,1.44,2017,46.862496,103.846656,MNG,Asia,AS,Low
475,Mongolia,83,5.29,0.95,1.53,0.67,0.32,0.24,0.04,1.55,2018,46.862496,103.846656,MNG,Asia,AS,Low
476,Mongolia,81,5.46,0.9,1.46,0.62,0.36,0.26,0.05,1.81,2019,46.862496,103.846656,MNG,Asia,AS,High
477,Laos,102,4.88,0.68,0.55,0.38,0.52,0.43,0.22,2.09,2015,19.85627,102.495496,LAO,Asia,AS,Low
478,Laos,110,4.62,0.72,1.03,0.44,0.63,0.23,0.17,1.4,2017,19.85627,102.495496,LAO,Asia,AS,Low
479,Laos,105,4.8,0.76,1.03,0.55,0.55,0.27,0.16,1.47,2018,19.85627,102.495496,LAO,Asia,AS,Low
480,Laos,104,4.89,0.71,0.99,0.49,0.61,0.27,0.19,1.62,2019,19.85627,102.495496,LAO,Asia,AS,Low
491,Iran,105,4.81,1.12,0.39,0.64,0.23,0.39,0.06,2,2015,32.427908,53.688046,IRN,Asia,AS,Low
492,Iran,108,4.69,1.16,0.71,0.64,0.25,0.39,0.05,1.5,2016,32.427908,53.688046,IRN,Asia,AS,Low
493,Iran,106,4.71,1.06,0.77,0.69,0.46,0.28,0.13,1.32,2017,32.427908,53.688046,IRN,Asia,AS,Low
494,Iran,117,4.55,1.1,0.84,0.79,0.3,0.27,0.12,1.12,2018,32.427908,53.688046,IRN,Asia,AS,Very Low
495,Iran,118,4.67,1.03,0.89,0.75,0.3,0.28,0.14,1.29,2019,32.427908,53.688046,IRN,Asia,AS,Low
501,Nepal,107,4.79,0.45,0.7,0.5,0.37,0.38,0.07,2.33,2015,28.394857,84.124008,NPL,Asia,AS,Low
502,Nepal,99,4.96,0.48,1.18,0.5,0.44,0.39,0.07,1.89,2016,28.394857,84.124008,NPL,Asia,AS,Low
503,Nepal,101,4.88,0.43,1.23,0.54,0.53,0.3,0.08,1.78,2017,28.394857,84.124008,NPL,Asia,AS,Low
504,Nepal,100,4.91,0.45,1.23,0.68,0.44,0.28,0.09,1.75,2018,28.394857,84.124008,NPL,Asia,AS,Low
505,Nepal,92,5.14,0.44,1.1,0.67,0.48,0.3,0.13,2.01,2019,28.394857,84.124008,NPL,Asia,AS,Low
506,Palestinian Territories,108,4.75,0.67,0.72,0.57,0.18,0.11,0.11,2.4,2015,31.952162,35.233154,PSE,Asia,AS,Low
507,Palestinian Territories,103,4.78,0.72,1.16,0.57,0.25,0.11,0.09,1.88,2016,31.952162,35.233154,PSE,Asia,AS,Low
508,Palestinian Territories,104,4.74,0.64,1.22,0.6,0.27,0.09,0.08,1.85,2017,31.952162,35.233154,PSE,Asia,AS,Low
509,Palestinian Territories,110,4.7,0.66,1.25,0.67,0.22,0.1,0.07,1.73,2018,31.952162,35.233154,PSE,Asia,AS,Low
510,Palestinian Territories,125,4.55,0.59,1.19,0.61,0.3,0.09,0.07,1.69,2019,31.952162,35.233154,PSE,Asia,AS,Very Low
516,Bangladesh,110,4.64,0.54,0.25,0.53,0.4,0.19,0.13,2.61,2015,23.684994,90.356331,BGD,Asia,AS,Low
517,Bangladesh,110,4.61,0.59,0.74,0.53,0.48,0.17,0.12,1.98,2016,23.684994,90.356331,BGD,Asia,AS,Low
518,Bangladesh,115,4.5,0.53,0.85,0.58,0.58,0.15,0.14,1.66,2017,23.684994,90.356331,BGD,Asia,AS,Very Low
519,Bangladesh,125,4.46,0.56,0.93,0.72,0.53,0.17,0.14,1.41,2018,23.684994,90.356331,BGD,Asia,AS,Very Low
520,Bangladesh,107,4.83,0.56,0.87,0.69,0.6,0.18,0.18,1.76,2019,23.684994,90.356331,BGD,Asia,AS,Low
526,Iraq,112,4.58,1.07,0.59,0.51,0.25,0.2,0.14,1.82,2015,33.223191,43.679291,IRQ,Asia,AS,Very Low
527,Iraq,117,4.5,1.1,0.98,0.5,0.29,0.2,0.11,1.32,2016,33.223191,43.679291,IRQ,Asia,AS,Very Low
528,Iraq,117,4.46,1.01,0.97,0.54,0.3,0.15,0.1,1.39,2017,33.223191,43.679291,IRQ,Asia,AS,Very Low
529,Iraq,126,4.44,1.04,0.98,0.57,0.24,0.15,0.09,1.36,2018,33.223191,43.679291,IRQ,Asia,AS,Very Low
530,Iraq,110,4.78,0.98,1.01,0.53,0.28,0.15,0.07,1.75,2019,33.223191,43.679291,IRQ,Asia,AS,Low
551,Sri Lanka,117,4.42,0.97,0.85,0.62,0.51,0.47,0.08,0.92,2015,7.873054,80.771797,LKA,Asia,AS,Very Low
552,Sri Lanka,120,4.44,1.01,1.26,0.63,0.56,0.49,0.07,0.42,2016,7.873054,80.771797,LKA,Asia,AS,Very Low
553,Sri Lanka,116,4.47,0.92,1.31,0.67,0.59,0.31,0.05,0.62,2017,7.873054,80.771797,LKA,Asia,AS,Very Low
554,Sri Lanka,130,4.37,0.95,1.26,0.83,0.47,0.24,0.05,0.56,2018,7.873054,80.771797,LKA,Asia,AS,Very Low
555,Sri Lanka,130,4.33,0.9,1.19,0.79,0.53,0.25,0.05,0.61,2019,7.873054,80.771797,LKA,Asia,AS,Very Low
556,India,118,4.4,0.74,0.29,0.45,0.4,0.25,0.09,2.18,2015,20.593684,78.96288,IND,Asia,AS,Very Low
557,India,122,4.32,0.79,0.75,0.46,0.47,0.23,0.09,1.52,2016,20.593684,78.96288,IND,Asia,AS,Very Low
558,India,133,4.19,0.72,0.75,0.49,0.54,0.17,0.09,1.43,2017,20.593684,78.96288,IND,Asia,AS,Very Low
559,India,140,4.02,0.75,0.76,0.59,0.5,0.2,0.08,1.13,2018,20.593684,78.96288,IND,Asia,AS,Very Low
560,India,144,3.57,0.73,0.64,0.54,0.58,0.24,0.11,0.73,2019,20.593684,78.96288,IND,Asia,AS,Very Low
657,Cambodia,140,3.91,0.56,0.54,0.42,0.59,0.4,0.08,1.32,2015,12.565679,104.990963,KHM,Asia,AS,Very Low
658,Cambodia,129,4.17,0.6,1.01,0.43,0.63,0.39,0.07,1.04,2016,12.565679,104.990963,KHM,Asia,AS,Very Low
659,Cambodia,120,4.43,0.55,1.09,0.46,0.7,0.26,0.07,1.32,2017,12.565679,104.990963,KHM,Asia,AS,Very Low
660,Cambodia,109,4.7,0.57,1.12,0.64,0.61,0.23,0.06,1.46,2018,12.565679,104.990963,KHM,Asia,AS,Low
661,Cambodia,106,4.85,0.54,1.07,0.59,0.67,0.23,0.07,1.66,2019,12.565679,104.990963,KHM,Asia,AS,Low
685,Yemen,147,3.72,0.58,0.47,0.31,0.23,0.1,0.06,1.97,2015,15.552727,48.516388,YEM,Asia,AS,Very Low
686,Yemen,145,3.59,0.59,0.94,0.31,0.25,0.1,0.06,1.35,2016,15.552727,48.516388,YEM,Asia,AS,Very Low
687,Yemen,152,3.36,0.44,1.07,0.34,0.24,0.08,0.06,1.11,2017,15.552727,48.516388,YEM,Asia,AS,Very Low
688,Yemen,151,3.38,0.29,1.16,0.46,0.14,0.11,0.08,1.14,2018,15.552727,48.516388,YEM,Asia,AS,Very Low
689,Yemen,146,3.53,0.39,1.18,0.42,0.24,0.09,0.09,1.12,2019,15.552727,48.516388,YEM,Asia,AS,Very Low
720,Afghanistan,154,3.36,0.38,0.11,0.17,0.16,0.31,0.07,2.15,2015,33.93911,67.709953,AFG,Asia,AS,Very Low
721,Afghanistan,141,3.79,0.4,0.58,0.18,0.11,0.31,0.06,2.15,2016,33.93911,67.709953,AFG,Asia,AS,Very Low
722,Afghanistan,145,3.63,0.33,0.54,0.26,0.09,0.19,0.04,2.2,2017,33.93911,67.709953,AFG,Asia,AS,Very Low
723,Afghanistan,154,3.2,0.35,0.52,0.36,0,0.16,0.02,1.79,2018,33.93911,67.709953,AFG,Asia,AS,Very Low
724,Afghanistan,153,2.57,0.3,0.36,0.27,0,0.14,0,1.51,2019,33.93911,67.709953,AFG,Asia,AS,Very Low
730,Syria,156,3.07,0.75,0.15,0.63,0.07,0.48,0.17,0.82,2015,34.802075,38.996815,SYR,Asia,AS,Very Low
731,Syria,152,3.46,0.78,0.4,0.5,0.08,0.49,0.15,1.06,2016,34.802075,38.996815,SYR,Asia,AS,Very Low
732,Syria,150,3.46,0.69,0.38,0.54,0.09,0.38,0.14,1.24,2017,34.802075,38.996815,SYR,Asia,AS,Very Low
733,Syria,149,3.46,0.62,0.38,0.44,0.01,0.33,0.14,1.54,2018,34.802075,38.996815,SYR,Asia,AS,Very Low
755,Maldives,87,5.2,0.94,1.4,0.91,0.55,0.22,0.07,1.1,2019,3.202778,73.22068,MDV,Asia,AS,Low
0,Denmark,1,7.53,1.44,1.16,0.8,0.58,0.36,0.44,2.74,2015,56.26392,9.501785,DNK,Europe,EU,Very High
1,Denmark,2,7.52,1.48,1.55,0.79,0.63,0.36,0.4,2.31,2016,56.26392,9.501785,DNK,Europe,EU,Very High
2,Denmark,3,7.56,1.35,1.59,0.87,0.68,0.28,0.41,2.37,2017,56.26392,9.501785,DNK,Europe,EU,Very High
3,Denmark,2,7.6,1.38,1.57,1,0.59,0.25,0.41,2.39,2018,56.26392,9.501785,DNK,Europe,EU,Very High
4,Denmark,2,7.65,1.33,1.5,0.98,0.67,0.24,0.5,2.43,2019,56.26392,9.501785,DNK,Europe,EU,Very High
5,Switzerland,2,7.51,1.53,1.15,0.86,0.59,0.28,0.41,2.69,2015,46.818188,8.227512,CHE,Europe,EU,Very High
6,Switzerland,4,7.49,1.56,1.52,0.86,0.62,0.29,0.37,2.28,2016,46.818188,8.227512,CHE,Europe,EU,Very High
7,Switzerland,5,7.49,1.42,1.55,0.93,0.66,0.26,0.36,2.32,2017,46.818188,8.227512,CHE,Europe,EU,Very High
8,Switzerland,6,7.48,1.45,1.53,1.05,0.57,0.26,0.34,2.27,2018,46.818188,8.227512,CHE,Europe,EU,Very High
9,Switzerland,3,7.56,1.39,1.47,1.04,0.63,0.27,0.41,2.35,2019,46.818188,8.227512,CHE,Europe,EU,Very High
10,Iceland,3,7.5,1.43,1.18,0.87,0.57,0.48,0.15,2.83,2015,64.963051,-19.020835,ISL,Europe,EU,Very High
11,Iceland,3,7.5,1.48,1.61,0.83,0.63,0.48,0.15,2.32,2016,64.963051,-19.020835,ISL,Europe,EU,Very High
12,Iceland,4,7.5,1.34,1.64,0.91,0.68,0.35,0.14,2.43,2017,64.963051,-19.020835,ISL,Europe,EU,Very High
13,Iceland,4,7.49,1.38,1.62,1.03,0.59,0.35,0.12,2.4,2018,64.963051,-19.020835,ISL,Europe,EU,Very High
14,Iceland,4,7.5,1.33,1.55,1,0.66,0.36,0.14,2.46,2019,64.963051,-19.020835,ISL,Europe,EU,Very High
15,Norway,4,7.5,1.58,1.13,0.8,0.6,0.38,0.36,2.66,2015,60.472024,8.468946,NOR,Europe,EU,Very High
16,Norway,1,7.54,1.62,1.53,0.8,0.64,0.36,0.32,2.28,2016,60.472024,8.468946,NOR,Europe,EU,Very High
17,Norway,2,7.59,1.46,1.58,0.86,0.69,0.29,0.34,2.38,2017,60.472024,8.468946,NOR,Europe,EU,Very High
18,Norway,3,7.55,1.49,1.58,1.03,0.6,0.27,0.34,2.24,2018,60.472024,8.468946,NOR,Europe,EU,Very High
19,Norway,5,7.49,1.42,1.5,1.01,0.67,0.29,0.43,2.17,2019,60.472024,8.468946,NOR,Europe,EU,Very High
20,Finland,5,7.41,1.41,1.13,0.81,0.57,0.25,0.41,2.83,2015,61.92411,25.748151,FIN,Europe,EU,Very High
21,Finland,5,7.47,1.44,1.54,0.81,0.62,0.25,0.38,2.43,2016,61.92411,25.748151,FIN,Europe,EU,Very High
22,Finland,1,7.63,1.31,1.59,0.87,0.68,0.19,0.39,2.6,2017,61.92411,25.748151,FIN,Europe,EU,Very High
23,Finland,1,7.77,1.34,1.59,0.99,0.6,0.15,0.39,2.71,2018,61.92411,25.748151,FIN,Europe,EU,Very High
24,Finland,1,7.81,1.29,1.5,0.96,0.66,0.16,0.48,2.76,2019,61.92411,25.748151,FIN,Europe,EU,Very High
30,Netherlands,7,7.34,1.46,1.03,0.81,0.55,0.47,0.3,2.71,2015,52.132633,5.291266,NLD,Europe,EU,Very High
31,Netherlands,6,7.38,1.5,1.43,0.81,0.59,0.47,0.28,2.29,2016,52.132633,5.291266,NLD,Europe,EU,Very High
32,Netherlands,6,7.44,1.36,1.49,0.88,0.64,0.33,0.3,2.45,2017,52.132633,5.291266,NLD,Europe,EU,Very High
33,Netherlands,5,7.49,1.4,1.52,1,0.56,0.32,0.3,2.39,2018,52.132633,5.291266,NLD,Europe,EU,Very High
34,Netherlands,6,7.45,1.34,1.46,0.98,0.61,0.34,0.37,2.35,2019,52.132633,5.291266,NLD,Europe,EU,Very High
45,Sweden,10,7.29,1.45,1.09,0.83,0.58,0.38,0.41,2.55,2015,60.128161,18.643501,SWE,Europe,EU,Very High
46,Sweden,9,7.28,1.49,1.48,0.83,0.61,0.39,0.38,2.1,2016,60.128161,18.643501,SWE,Europe,EU,Very High
47,Sweden,9,7.31,1.36,1.5,0.91,0.66,0.29,0.38,2.22,2017,60.128161,18.643501,SWE,Europe,EU,Very High
48,Sweden,7,7.34,1.39,1.49,1.01,0.57,0.27,0.37,2.25,2018,60.128161,18.643501,SWE,Europe,EU,Very High
49,Sweden,7,7.35,1.32,1.43,0.99,0.65,0.27,0.44,2.25,2019,60.128161,18.643501,SWE,Europe,EU,Very High
55,Austria,12,7.12,1.45,1.08,0.81,0.54,0.33,0.21,2.69,2015,47.516231,14.550072,AUT,Europe,EU,Very High
56,Austria,13,7.01,1.49,1.46,0.82,0.57,0.32,0.22,2.14,2016,47.516231,14.550072,AUT,Europe,EU,Very High
57,Austria,12,7.14,1.34,1.5,0.89,0.62,0.24,0.22,2.32,2017,47.516231,14.550072,AUT,Europe,EU,Very High
58,Austria,10,7.25,1.38,1.48,1.02,0.53,0.24,0.23,2.38,2018,47.516231,14.550072,AUT,Europe,EU,Very High
59,Austria,9,7.29,1.32,1.44,1,0.6,0.26,0.28,2.4,2019,47.516231,14.550072,AUT,Europe,EU,Very High
71,Germany,16,6.99,1.45,1.1,0.81,0.53,0.3,0.29,2.51,2015,51.165691,10.451526,DEU,Europe,EU,Very High
72,Germany,16,6.95,1.49,1.47,0.8,0.56,0.34,0.28,2.02,2016,51.165691,10.451526,DEU,Europe,EU,Very High
73,Germany,15,6.97,1.34,1.47,0.86,0.59,0.27,0.28,2.15,2017,51.165691,10.451526,DEU,Europe,EU,Very High
74,Germany,17,6.99,1.37,1.45,0.99,0.5,0.26,0.26,2.15,2018,51.165691,10.451526,DEU,Europe,EU,Very High
75,Germany,17,7.08,1.31,1.37,0.97,0.56,0.25,0.31,2.3,2019,51.165691,10.451526,DEU,Europe,EU,Very High
81,Belgium,18,6.93,1.43,1.05,0.82,0.51,0.24,0.26,2.61,2015,50.503887,4.469936,BEL,Europe,EU,Very High
82,Belgium,17,6.89,1.46,1.46,0.82,0.54,0.23,0.25,2.12,2016,50.503887,4.469936,BEL,Europe,EU,Very High
83,Belgium,16,6.93,1.32,1.48,0.89,0.58,0.19,0.24,2.22,2017,50.503887,4.469936,BEL,Europe,EU,Very High
84,Belgium,18,6.92,1.36,1.5,0.99,0.47,0.16,0.21,2.23,2018,50.503887,4.469936,BEL,Europe,EU,Very High
85,Belgium,20,6.86,1.3,1.4,0.96,0.5,0.15,0.21,2.35,2019,50.503887,4.469936,BEL,Europe,EU,Very High
86,Ireland,19,6.91,1.48,1.16,0.81,0.54,0.45,0.3,2.16,2015,53.41291,-8.24389,IRL,Europe,EU,Very High
87,Ireland,15,6.98,1.54,1.56,0.81,0.57,0.43,0.3,1.77,2016,53.41291,-8.24389,IRL,Europe,EU,Very High
88,Ireland,14,6.98,1.45,1.58,0.88,0.61,0.31,0.31,1.84,2017,53.41291,-8.24389,IRL,Europe,EU,Very High
89,Ireland,16,7.02,1.5,1.55,1,0.52,0.3,0.31,1.85,2018,53.41291,-8.24389,IRL,Europe,EU,Very High
90,Ireland,16,7.09,1.45,1.47,0.98,0.59,0.3,0.37,1.94,2019,53.41291,-8.24389,IRL,Europe,EU,Very High
91,Luxembourg,20,6.87,1.7,1.04,0.85,0.55,0.28,0.35,2.11,2015,49.815273,6.129583,LUX,Europe,EU,Very High
92,Luxembourg,18,6.86,1.74,1.46,0.85,0.6,0.28,0.32,1.62,2016,49.815273,6.129583,LUX,Europe,EU,Very High
93,Luxembourg,17,6.91,1.58,1.52,0.9,0.63,0.2,0.32,1.77,2017,49.815273,6.129583,LUX,Europe,EU,Very High
94,Luxembourg,14,7.09,1.61,1.48,1.01,0.53,0.19,0.32,1.95,2018,49.815273,6.129583,LUX,Europe,EU,Very High
95,Luxembourg,10,7.24,1.54,1.39,0.99,0.61,0.2,0.37,2.15,2019,49.815273,6.129583,LUX,Europe,EU,Very High
106,United Kingdom,23,6.73,1.4,1.09,0.81,0.5,0.5,0.27,2.15,2015,55.378051,-3.435973,GBR,Europe,EU,Very High
107,United Kingdom,19,6.71,1.44,1.5,0.81,0.51,0.49,0.27,1.7,2016,55.378051,-3.435973,GBR,Europe,EU,Very High
108,United Kingdom,19,6.81,1.3,1.56,0.88,0.53,0.35,0.27,1.91,2017,55.378051,-3.435973,GBR,Europe,EU,Very High
109,United Kingdom,15,7.05,1.33,1.54,1,0.45,0.35,0.28,2.11,2018,55.378051,-3.435973,GBR,Europe,EU,Very High
110,United Kingdom,13,7.16,1.27,1.46,0.98,0.53,0.37,0.32,2.24,2019,55.378051,-3.435973,GBR,Europe,EU,Very High
126,Czech Republic,27,6.6,1.31,1.01,0.76,0.41,0.1,0.04,2.96,2015,49.817492,15.472962,CZE,Europe,EU,Very High
127,Czech Republic,23,6.61,1.35,1.43,0.75,0.49,0.09,0.04,2.45,2016,49.817492,15.472962,CZE,Europe,EU,Very High
128,Czech Republic,21,6.71,1.23,1.49,0.85,0.54,0.06,0.03,2.49,2017,49.817492,15.472962,CZE,Europe,EU,Very High
129,Czech Republic,20,6.85,1.27,1.49,0.92,0.46,0.05,0.04,2.64,2018,49.817492,15.472962,CZE,Europe,EU,Very High
130,Czech Republic,19,6.91,1.21,1.41,0.89,0.51,0.05,0.05,2.8,2019,49.817492,15.472962,CZE,Europe,EU,Very High
141,Malta,30,6.49,1.31,1.1,0.8,0.55,0.56,0.18,1.99,2015,35.937496,14.375416,MLT,Europe,EU,Very High
142,Malta,27,6.53,1.34,1.49,0.82,0.59,0.57,0.15,1.56,2016,35.937496,14.375416,MLT,Europe,EU,Very High
143,Malta,22,6.63,1.27,1.53,0.88,0.65,0.38,0.14,1.78,2017,35.937496,14.375416,MLT,Europe,EU,Very High
144,Malta,22,6.73,1.3,1.52,1,0.56,0.38,0.15,1.82,2018,35.937496,14.375416,MLT,Europe,EU,Very High
145,Malta,22,6.77,1.25,1.44,0.97,0.63,0.34,0.18,1.95,2019,35.937496,14.375416,MLT,Europe,EU,Very High
151,France,32,6.48,1.39,1.01,0.84,0.47,0.12,0.18,2.47,2015,46.227638,2.213749,FRA,Europe,EU,Very High
152,France,31,6.44,1.43,1.39,0.84,0.47,0.13,0.17,2.01,2016,46.227638,2.213749,FRA,Europe,EU,Very High
153,France,23,6.49,1.29,1.47,0.91,0.52,0.1,0.18,2.03,2017,46.227638,2.213749,FRA,Europe,EU,Very High
154,France,24,6.59,1.32,1.47,1.05,0.44,0.11,0.18,2.02,2018,46.227638,2.213749,FRA,Europe,EU,Very High
155,France,23,6.66,1.27,1.46,1.03,0.51,0.11,0.23,2.05,2019,46.227638,2.213749,FRA,Europe,EU,Very High
175,Spain,37,6.36,1.34,1.13,0.88,0.38,0.18,0.06,2.4,2015,40.463667,-3.74922,ESP,Europe,EU,Very High
176,Spain,34,6.4,1.38,1.53,0.89,0.41,0.19,0.07,1.93,2016,40.463667,-3.74922,ESP,Europe,EU,Very High
177,Spain,36,6.31,1.25,1.54,0.97,0.45,0.14,0.07,1.89,2017,40.463667,-3.74922,ESP,Europe,EU,Very High
178,Spain,30,6.35,1.29,1.48,1.06,0.36,0.15,0.08,1.93,2018,40.463667,-3.74922,ESP,Europe,EU,Very High
179,Spain,28,6.4,1.23,1.42,1.05,0.43,0.17,0.11,2,2019,40.463667,-3.74922,ESP,Europe,EU,Very High
206,Slovakia,45,6.08,1.28,1.08,0.7,0.23,0.14,0.03,2.61,2015,48.669026,19.699024,SVK,Europe,EU,High
207,Slovakia,40,6.1,1.33,1.51,0.71,0.3,0.14,0.02,2.1,2016,48.669026,19.699024,SVK,Europe,EU,High
208,Slovakia,39,6.17,1.21,1.54,0.78,0.35,0.12,0.01,2.17,2017,48.669026,19.699024,SVK,Europe,EU,High
209,Slovakia,38,6.2,1.25,1.5,0.88,0.33,0.12,0.01,2.1,2018,48.669026,19.699024,SVK,Europe,EU,High
210,Slovakia,37,6.28,1.19,1.42,0.85,0.42,0.12,0.01,2.26,2019,48.669026,19.699024,SVK,Europe,EU,Very High
231,Italy,50,5.98,1.35,1.04,0.85,0.19,0.17,0.03,2.35,2015,41.87194,12.56738,ITA,Europe,EU,High
232,Italy,48,5.96,1.4,1.44,0.85,0.26,0.17,0.03,1.81,2016,41.87194,12.56738,ITA,Europe,EU,High
233,Italy,47,6,1.26,1.5,0.95,0.28,0.14,0.03,1.84,2017,41.87194,12.56738,ITA,Europe,EU,High
234,Italy,36,6.22,1.29,1.49,1.04,0.23,0.16,0.03,1.98,2018,41.87194,12.56738,ITA,Europe,EU,Very High
235,Italy,30,6.39,1.24,1.35,1.02,0.32,0.17,0.04,2.25,2019,41.87194,12.56738,ITA,Europe,EU,Very High
249,Kazakhstan,54,5.92,1.23,0.96,0.57,0.41,0.15,0.11,2.49,2015,48.019573,66.923684,KAZ,Europe,EU,High
250,Kazakhstan,60,5.82,1.28,1.38,0.61,0.44,0.2,0.12,1.78,2016,48.019573,66.923684,KAZ,Europe,EU,High
251,Kazakhstan,60,5.79,1.14,1.52,0.63,0.45,0.15,0.12,1.78,2017,48.019573,66.923684,KAZ,Europe,EU,High
252,Kazakhstan,60,5.81,1.17,1.51,0.73,0.41,0.15,0.1,1.75,2018,48.019573,66.923684,KAZ,Europe,EU,High
253,Kazakhstan,50,6.06,1.12,1.45,0.7,0.5,0.15,0.11,2.02,2019,48.019573,66.923684,KAZ,Europe,EU,High
254,Moldova,55,5.9,0.69,0.83,0.52,0.25,0.2,0.02,3.38,2015,47.411631,28.369885,MDA,Europe,EU,High
255,Moldova,56,5.84,0.73,1.25,0.59,0.24,0.21,0.01,2.81,2016,47.411631,28.369885,MDA,Europe,EU,High
256,Moldova,67,5.64,0.66,1.3,0.62,0.23,0.17,0,2.66,2017,47.411631,28.369885,MDA,Europe,EU,High
257,Moldova,71,5.53,0.69,1.33,0.74,0.25,0.18,0,2.35,2018,47.411631,28.369885,MDA,Europe,EU,High
258,Moldova,70,5.61,0.71,1.24,0.71,0.39,0.17,0.01,2.37,2019,47.411631,28.369885,MDA,Europe,EU,High
259,Russia,56,5.86,1.23,1.05,0.59,0.33,0.03,0.04,2.59,2015,61.52401,105.318756,RUS,Europe,EU,High
260,Russia,49,5.96,1.28,1.47,0.55,0.37,0.05,0.03,2.21,2016,61.52401,105.318756,RUS,Europe,EU,High
261,Russia,59,5.81,1.15,1.48,0.6,0.4,0.07,0.03,2.09,2017,61.52401,105.318756,RUS,Europe,EU,High
262,Russia,68,5.65,1.18,1.45,0.73,0.33,0.08,0.03,1.84,2018,61.52401,105.318756,RUS,Europe,EU,High
263,Russia,73,5.55,1.13,1.38,0.68,0.4,0.1,0.05,1.82,2019,61.52401,105.318756,RUS,Europe,EU,High
264,Poland,57,5.84,1.25,1.05,0.69,0.45,0.14,0.05,2.2,2015,51.919438,19.145136,POL,Europe,EU,High
265,Poland,46,5.97,1.29,1.45,0.7,0.52,0.16,0.06,1.8,2016,51.919438,19.145136,POL,Europe,EU,High
266,Poland,42,6.12,1.18,1.45,0.78,0.55,0.11,0.06,2,2017,51.919438,19.145136,POL,Europe,EU,High
267,Poland,40,6.18,1.21,1.44,0.88,0.48,0.12,0.05,2,2018,51.919438,19.145136,POL,Europe,EU,High
268,Poland,43,6.19,1.17,1.31,0.87,0.56,0.06,0.16,2.06,2019,51.919438,19.145136,POL,Europe,EU,High
279,Lithuania,60,5.81,1.27,1.06,0.65,0.19,0.02,0.02,2.61,2015,55.169438,23.881275,LTU,Europe,EU,High
280,Lithuania,52,5.9,1.31,1.47,0.63,0.23,0.01,0.01,2.23,2016,55.169438,23.881275,LTU,Europe,EU,High
281,Lithuania,50,5.95,1.2,1.53,0.72,0.35,0.03,0.01,2.13,2017,55.169438,23.881275,LTU,Europe,EU,High
282,Lithuania,42,6.15,1.24,1.52,0.82,0.29,0.04,0.04,2.2,2018,55.169438,23.881275,LTU,Europe,EU,High
283,Lithuania,41,6.22,1.19,1.43,0.8,0.42,0.05,0.08,2.24,2019,55.169438,23.881275,LTU,Europe,EU,Very High
284,Belarus,61,5.8,1.13,1.05,0.63,0.29,0.14,0.17,2.39,2015,53.709807,27.953389,BLR,Europe,EU,High
285,Belarus,67,5.57,1.16,1.44,0.64,0.3,0.16,0.16,1.72,2016,53.709807,27.953389,BLR,Europe,EU,High
286,Belarus,73,5.48,1.04,1.5,0.7,0.31,0.1,0.15,1.68,2017,53.709807,27.953389,BLR,Europe,EU,High
287,Belarus,81,5.32,1.07,1.47,0.79,0.23,0.09,0.14,1.53,2018,53.709807,27.953389,BLR,Europe,EU,Low
288,Belarus,75,5.54,1.02,1.39,0.75,0.29,0.09,0.19,1.81,2019,53.709807,27.953389,BLR,Europe,EU,High
289,Slovenia,63,5.77,1.3,1.06,0.79,0.53,0.26,0.04,1.8,2015,46.151241,14.995463,SVN,Europe,EU,High
290,Slovenia,62,5.76,1.34,1.45,0.79,0.57,0.24,0.05,1.31,2016,46.151241,14.995463,SVN,Europe,EU,High
291,Slovenia,51,5.95,1.22,1.51,0.86,0.63,0.16,0.05,1.52,2017,46.151241,14.995463,SVN,Europe,EU,High
292,Slovenia,44,6.12,1.26,1.52,0.95,0.56,0.14,0.06,1.62,2018,46.151241,14.995463,SVN,Europe,EU,High
293,Slovenia,33,6.36,1.21,1.46,0.93,0.65,0.15,0.08,1.89,2019,46.151241,14.995463,SVN,Europe,EU,Very High
314,Latvia,68,5.56,1.22,0.95,0.64,0.28,0.17,0.09,2.21,2015,56.879635,24.603189,LVA,Europe,EU,High
315,Latvia,54,5.85,1.26,1.4,0.64,0.33,0.15,0.07,1.99,2016,56.879635,24.603189,LVA,Europe,EU,High
316,Latvia,53,5.93,1.15,1.45,0.67,0.36,0.09,0.07,2.14,2017,56.879635,24.603189,LVA,Europe,EU,High
317,Latvia,53,5.94,1.19,1.46,0.81,0.26,0.07,0.06,2.07,2018,56.879635,24.603189,LVA,Europe,EU,High
318,Latvia,57,5.95,1.14,1.41,0.78,0.33,0.08,0.09,2.12,2019,56.879635,24.603189,LVA,Europe,EU,High
319,Cyprus,69,5.55,1.32,0.71,0.85,0.3,0.28,0.05,2.04,2015,35.126413,33.429859,CYP,Europe,EU,High
320,Cyprus,65,5.62,1.36,1.13,0.84,0.36,0.27,0.04,1.62,2016,35.126413,33.429859,CYP,Europe,EU,High
321,Cyprus,61,5.76,1.23,1.19,0.91,0.42,0.2,0.04,1.77,2017,35.126413,33.429859,CYP,Europe,EU,High
322,Cyprus,49,6.05,1.26,1.22,1.04,0.41,0.19,0.04,1.88,2018,35.126413,33.429859,CYP,Europe,EU,High
323,Cyprus,45,6.16,1.21,1.15,1.03,0.46,0.23,0.05,2.03,2019,35.126413,33.429859,CYP,Europe,EU,High
329,Romania,71,5.53,1.17,0.73,0.68,0.37,0.13,0.01,2.45,2015,45.943161,24.96676,ROU,Europe,EU,High
330,Romania,57,5.83,1.22,1.15,0.69,0.46,0.13,0,2.18,2016,45.943161,24.96676,ROU,Europe,EU,High
331,Romania,52,5.95,1.12,1.22,0.73,0.53,0.09,0,2.27,2017,45.943161,24.96676,ROU,Europe,EU,High
332,Romania,48,6.07,1.16,1.23,0.82,0.46,0.08,0,2.3,2018,45.943161,24.96676,ROU,Europe,EU,High
333,Romania,47,6.12,1.12,1.19,0.79,0.53,0.07,0,2.41,2019,45.943161,24.96676,ROU,Europe,EU,High
334,Estonia,72,5.52,1.28,1.05,0.68,0.42,0.08,0.19,1.82,2015,58.595272,25.013607,EST,Europe,EU,High
335,Estonia,66,5.61,1.32,1.48,0.7,0.48,0.1,0.18,1.36,2016,58.595272,25.013607,EST,Europe,EU,High
336,Estonia,63,5.74,1.2,1.53,0.74,0.55,0.09,0.17,1.46,2017,58.595272,25.013607,EST,Europe,EU,High
337,Estonia,55,5.89,1.24,1.53,0.87,0.5,0.1,0.16,1.5,2018,58.595272,25.013607,EST,Europe,EU,High
338,Estonia,51,6.02,1.19,1.45,0.84,0.58,0.13,0.2,1.63,2019,58.595272,25.013607,EST,Europe,EU,High
344,Croatia,74,5.49,1.19,0.61,0.71,0.24,0.18,0.04,2.52,2015,45.1,15.2,HRV,Europe,EU,High
345,Croatia,77,5.29,1.22,0.97,0.7,0.26,0.25,0.04,1.85,2016,45.1,15.2,HRV,Europe,EU,Low
346,Croatia,82,5.32,1.12,1.16,0.74,0.38,0.12,0.04,1.77,2017,45.1,15.2,HRV,Europe,EU,Low
347,Croatia,75,5.43,1.15,1.27,0.91,0.3,0.12,0.02,1.66,2018,45.1,15.2,HRV,Europe,EU,High
348,Croatia,79,5.5,1.11,1.31,0.9,0.38,0.11,0.01,1.68,2019,45.1,15.2,HRV,Europe,EU,High
358,Kosovo,77,5.4,0.9,0.66,0.54,0.14,0.28,0.07,2.81,2015,42.602636,20.902977,UNK,Europe,EU,High
359,Kosovo,78,5.28,0.95,1.14,0.54,0.26,0.32,0.06,2.01,2016,42.602636,20.902977,UNK,Europe,EU,Low
360,Kosovo,66,5.66,0.86,1.23,0.58,0.45,0.27,0.02,2.26,2017,42.602636,20.902977,UNK,Europe,EU,High
361,Kosovo,46,6.1,0.88,1.23,0.76,0.49,0.26,0.01,2.47,2018,42.602636,20.902977,UNK,Europe,EU,High
362,Kosovo,35,6.33,0.84,1.18,0.67,0.56,0.33,0.01,2.74,2019,42.602636,20.902977,UNK,Europe,EU,Very High
363,Turkey,78,5.39,1.16,0.88,0.65,0.24,0.05,0.12,2.29,2015,38.963745,35.243322,TUR,Europe,EU,Low
364,Turkey,69,5.5,1.2,1.34,0.64,0.3,0.05,0.1,1.88,2016,38.963745,35.243322,TUR,Europe,EU,High
365,Turkey,74,5.48,1.15,1.38,0.69,0.32,0.11,0.11,1.73,2017,38.963745,35.243322,TUR,Europe,EU,High
366,Turkey,79,5.37,1.18,1.36,0.81,0.19,0.08,0.11,1.64,2018,38.963745,35.243322,TUR,Europe,EU,Low
367,Turkey,93,5.13,1.13,1.2,0.78,0.25,0.09,0.12,1.56,2019,38.963745,35.243322,TUR,Europe,EU,Low
378,Azerbaijan,81,5.29,1.12,0.76,0.55,0.35,0.06,0.18,2.27,2015,40.143105,47.576927,AZE,Europe,EU,Low
379,Azerbaijan,85,5.23,1.15,1.15,0.54,0.4,0.05,0.18,1.76,2016,40.143105,47.576927,AZE,Europe,EU,Low
380,Azerbaijan,87,5.2,1.02,1.16,0.6,0.43,0.03,0.18,1.78,2017,40.143105,47.576927,AZE,Europe,EU,Low
381,Azerbaijan,90,5.21,1.04,1.15,0.77,0.35,0.04,0.18,1.68,2018,40.143105,47.576927,AZE,Europe,EU,Low
382,Azerbaijan,89,5.16,0.99,1.18,0.73,0.47,0.04,0.25,1.51,2019,40.143105,47.576927,AZE,Europe,EU,Low
402,Serbia,86,5.18,1.03,0.81,0.65,0.16,0.21,0.04,2.28,2015,44.016521,21.005859,SRB,Europe,EU,Low
403,Serbia,73,5.4,1.07,1.26,0.65,0.21,0.22,0.04,1.95,2016,44.016521,21.005859,SRB,Europe,EU,Low
404,Serbia,78,5.4,0.98,1.37,0.69,0.29,0.13,0.04,1.91,2017,44.016521,21.005859,SRB,Europe,EU,Low
405,Serbia,70,5.6,1,1.38,0.85,0.28,0.14,0.04,1.9,2018,44.016521,21.005859,SRB,Europe,EU,High
406,Serbia,64,5.78,0.99,1.33,0.83,0.4,0.15,0.06,2.03,2019,44.016521,21.005859,SRB,Europe,EU,High
407,Bosnia and Herzegovina,87,5.16,0.93,0.64,0.71,0.1,0.3,0,2.48,2015,43.915886,17.679076,BIH,Europe,EU,Low
408,Bosnia and Herzegovina,90,5.18,0.98,1.07,0.71,0.2,0.33,0,1.89,2016,43.915886,17.679076,BIH,Europe,EU,Low
409,Bosnia and Herzegovina,93,5.13,0.92,1.08,0.76,0.28,0.22,0,1.88,2017,43.915886,17.679076,BIH,Europe,EU,Low
410,Bosnia and Herzegovina,78,5.39,0.95,1.21,0.84,0.21,0.26,0.01,1.9,2018,43.915886,17.679076,BIH,Europe,EU,Low
411,Bosnia and Herzegovina,69,5.67,0.92,1.2,0.81,0.31,0.26,0,2.17,2019,43.915886,17.679076,BIH,Europe,EU,High
412,Montenegro,88,5.16,1.08,0.74,0.64,0.15,0.17,0.13,2.26,2015,42.708678,19.37439,MNE,Europe,EU,Low
413,Montenegro,83,5.24,1.12,1.24,0.67,0.19,0.2,0.09,1.73,2016,42.708678,19.37439,MNE,Europe,EU,Low
414,Montenegro,81,5.35,1.02,1.28,0.73,0.26,0.11,0.08,1.87,2017,42.708678,19.37439,MNE,Europe,EU,Low
415,Montenegro,73,5.52,1.05,1.36,0.87,0.2,0.14,0.08,1.82,2018,42.708678,19.37439,MNE,Europe,EU,High
416,Montenegro,72,5.55,1.01,1.27,0.84,0.3,0.15,0.1,1.88,2019,42.708678,19.37439,MNE,Europe,EU,High
427,Hungary,91,5.15,1.24,0.93,0.68,0.2,0.1,0.04,1.95,2015,47.162494,19.503304,HUN,Europe,EU,Low
428,Hungary,75,5.32,1.29,1.34,0.69,0.18,0.08,0.04,1.72,2016,47.162494,19.503304,HUN,Europe,EU,Low
429,Hungary,69,5.62,1.17,1.4,0.73,0.26,0.06,0.02,1.97,2017,47.162494,19.503304,HUN,Europe,EU,High
430,Hungary,62,5.76,1.2,1.41,0.83,0.2,0.08,0.02,2.02,2018,47.162494,19.503304,HUN,Europe,EU,High
431,Hungary,53,6,1.16,1.42,0.81,0.39,0.07,0.03,2.12,2019,47.162494,19.503304,HUN,Europe,EU,High
442,Portugal,94,5.12,1.28,0.94,0.79,0.45,0.12,0.02,1.53,2015,39.399872,-8.224454,PRT,Europe,EU,Low
443,Portugal,89,5.2,1.32,1.37,0.8,0.5,0.1,0.02,1.11,2016,39.399872,-8.224454,PRT,Europe,EU,Low
444,Portugal,77,5.41,1.19,1.43,0.88,0.56,0.06,0.02,1.28,2017,39.399872,-8.224454,PRT,Europe,EU,High
445,Portugal,66,5.69,1.22,1.43,1,0.51,0.05,0.02,1.46,2018,39.399872,-8.224454,PRT,Europe,EU,High
446,Portugal,59,5.91,1.17,1.34,0.98,0.59,0.05,0.03,1.75,2019,39.399872,-8.224454,PRT,Europe,EU,High
447,Macedonia,95,5.12,1.02,0.78,0.65,0.28,0.24,0.07,2.09,2015,41.608635,21.745275,MKD,Europe,EU,Low
448,Macedonia,92,5.18,1.06,1.21,0.64,0.33,0.25,0.06,1.62,2016,41.608635,21.745275,MKD,Europe,EU,Low
449,Macedonia,89,5.19,0.96,1.24,0.69,0.39,0.17,0.05,1.68,2017,41.608635,21.745275,MKD,Europe,EU,Low
450,Macedonia,84,5.27,0.98,1.29,0.84,0.34,0.18,0.03,1.6,2018,41.608635,21.745275,MKD,Europe,EU,Low
451,Macedonia,90,5.16,0.94,1.18,0.8,0.41,0.19,0.02,1.62,2019,41.608635,21.745275,MKD,Europe,EU,Low
462,Greece,99,5.03,1.25,0.75,0.8,0.06,0,0.04,2.13,2015,39.074208,21.824312,GRC,Europe,EU,Low
463,Greece,87,5.23,1.29,1.24,0.81,0.1,0,0.04,1.75,2016,39.074208,21.824312,GRC,Europe,EU,Low
464,Greece,79,5.36,1.15,1.2,0.88,0.13,0,0.04,1.95,2017,39.074208,21.824312,GRC,Europe,EU,Low
465,Greece,82,5.29,1.18,1.16,1,0.07,0,0.03,1.85,2018,39.074208,21.824312,GRC,Europe,EU,Low
466,Greece,77,5.51,1.13,1.17,0.98,0.17,0,0.05,2.02,2019,39.074208,21.824312,GRC,Europe,EU,High
511,Albania,109,4.66,0.96,0.5,0.73,0.32,0.17,0.05,1.93,2015,41.153332,20.168331,ALB,Europe,EU,Low
512,Albania,109,4.64,1,0.8,0.73,0.38,0.2,0.04,1.49,2016,41.153332,20.168331,ALB,Europe,EU,Low
513,Albania,112,4.59,0.92,0.82,0.79,0.42,0.15,0.03,1.46,2017,41.153332,20.168331,ALB,Europe,EU,Very Low
514,Albania,107,4.72,0.95,0.85,0.87,0.38,0.18,0.03,1.46,2018,41.153332,20.168331,ALB,Europe,EU,Low
515,Albania,105,4.88,0.91,0.83,0.85,0.46,0.17,0.03,1.64,2019,41.153332,20.168331,ALB,Europe,EU,Low
566,Armenia,121,4.36,0.86,0.62,0.64,0.14,0.08,0.04,1.98,2015,40.069099,45.038189,ARM,Europe,EU,Very Low
567,Armenia,121,4.38,0.9,1.01,0.64,0.2,0.08,0.03,1.52,2016,40.069099,45.038189,ARM,Europe,EU,Very Low
568,Armenia,129,4.32,0.82,0.99,0.67,0.26,0.08,0.03,1.48,2017,40.069099,45.038189,ARM,Europe,EU,Very Low
569,Armenia,116,4.56,0.85,1.05,0.81,0.28,0.1,0.06,1.4,2018,40.069099,45.038189,ARM,Europe,EU,Very Low
570,Armenia,116,4.68,0.81,1.03,0.78,0.38,0.11,0.1,1.47,2019,40.069099,45.038189,ARM,Europe,EU,Low
576,Ukraine,123,4.32,0.87,1.01,0.59,0.13,0.2,0.02,1.5,2015,48.379433,31.16558,UKR,Europe,EU,Very Low
577,Ukraine,132,4.1,0.89,1.39,0.58,0.12,0.27,0.02,0.81,2016,48.379433,31.16558,UKR,Europe,EU,Very Low
578,Ukraine,138,4.1,0.79,1.41,0.61,0.16,0.19,0.01,0.93,2017,48.379433,31.16558,UKR,Europe,EU,Very Low
579,Ukraine,133,4.33,0.82,1.39,0.74,0.18,0.19,0.01,1.01,2018,48.379433,31.16558,UKR,Europe,EU,Very Low
580,Ukraine,123,4.56,0.78,1.32,0.7,0.32,0.18,0.01,1.25,2019,48.379433,31.16558,UKR,Europe,EU,Very Low
591,Georgia,126,4.25,0.84,0.19,0.64,0.32,0.07,0.32,1.87,2015,42.315407,43.356892,GEO,Europe,EU,Very Low
592,Georgia,125,4.29,0.95,0.57,0.65,0.31,0.05,0.25,1.5,2016,42.315407,43.356892,GEO,Europe,EU,Very Low
593,Georgia,128,4.34,0.85,0.59,0.64,0.38,0.04,0.22,1.62,2017,42.315407,43.356892,GEO,Europe,EU,Very Low
594,Georgia,119,4.52,0.89,0.67,0.75,0.35,0.04,0.16,1.66,2018,42.315407,43.356892,GEO,Europe,EU,Very Low
595,Georgia,117,4.67,0.85,0.73,0.69,0.49,0.05,0.17,1.69,2019,42.315407,43.356892,GEO,Europe,EU,Low
606,Bulgaria,129,4.22,1.11,0.93,0.68,0.21,0.13,0.01,1.15,2015,42.733883,25.48583,BGR,Europe,EU,Very Low
607,Bulgaria,105,4.71,1.16,1.43,0.71,0.29,0.11,0.01,1,2016,42.733883,25.48583,BGR,Europe,EU,Low
608,Bulgaria,100,4.93,1.05,1.52,0.71,0.36,0.06,0.01,1.22,2017,42.733883,25.48583,BGR,Europe,EU,Low
609,Bulgaria,97,5.01,1.09,1.51,0.81,0.31,0.08,0,1.2,2018,42.733883,25.48583,BGR,Europe,EU,Low
610,Bulgaria,96,5.1,1.05,1.46,0.78,0.42,0.1,0,1.29,2019,42.733883,25.48583,BGR,Europe,EU,Low
25,Canada,6,7.4,1.44,1.1,0.83,0.57,0.45,0.31,2.7,2015,56.130366,-106.346771,CAN,North America,,Very High
26,Canada,7,7.32,1.48,1.48,0.83,0.61,0.44,0.29,2.19,2016,56.130366,-106.346771,CAN,North America,,Very High
27,Canada,7,7.33,1.33,1.53,0.9,0.65,0.32,0.29,2.31,2017,56.130366,-106.346771,CAN,North America,,Very High
28,Canada,9,7.28,1.36,1.5,1.04,0.58,0.29,0.31,2.19,2018,56.130366,-106.346771,CAN,North America,,Very High
29,Canada,11,7.23,1.3,1.44,1.02,0.64,0.28,0.35,2.2,2019,56.130366,-106.346771,CAN,North America,,Very High
60,United States,13,7.1,1.51,1.05,0.78,0.48,0.41,0.15,2.73,2015,37.09024,-95.712891,USA,North America,,Very High
61,United States,14,6.99,1.55,1.42,0.77,0.51,0.39,0.14,2.22,2016,37.09024,-95.712891,USA,North America,,Very High
62,United States,18,6.89,1.4,1.47,0.82,0.55,0.29,0.13,2.23,2017,37.09024,-95.712891,USA,North America,,Very High
63,United States,19,6.89,1.43,1.46,0.87,0.45,0.28,0.13,2.27,2018,37.09024,-95.712891,USA,North America,,Very High
64,United States,18,6.94,1.37,1.4,0.83,0.53,0.3,0.15,2.34,2019,37.09024,-95.712891,USA,North America,,Very High
65,Costa Rica,14,7.09,1.07,1.02,0.76,0.55,0.23,0.11,3.35,2015,9.748917,-83.753428,CRI,North America,,Very High
66,Costa Rica,12,7.08,1.11,1.42,0.76,0.58,0.21,0.1,2.9,2016,9.748917,-83.753428,CRI,North America,,Very High
67,Costa Rica,13,7.07,1.01,1.46,0.82,0.63,0.14,0.1,2.91,2017,9.748917,-83.753428,CRI,North America,,Very High
68,Costa Rica,12,7.17,1.03,1.44,0.96,0.56,0.14,0.09,2.93,2018,9.748917,-83.753428,CRI,North America,,Very High
69,Costa Rica,15,7.12,0.98,1.37,0.94,0.65,0.13,0.1,2.95,2019,9.748917,-83.753428,CRI,North America,,Very High
70,Puerto Rico,15,7.04,1.36,1.08,0.78,0.47,0.22,0.12,3.01,2015,18.220833,-66.590149,PRI,North America,,Very High
96,Mexico,21,6.78,1.12,0.71,0.71,0.38,0.12,0.18,3.56,2015,23.634501,-102.552784,MEX,North America,,Very High
97,Mexico,25,6.58,1.15,1.21,0.71,0.41,0.12,0.13,2.84,2016,23.634501,-102.552784,MEX,North America,,Very High
98,Mexico,24,6.49,1.04,1.25,0.76,0.48,0.07,0.1,2.8,2017,23.634501,-102.552784,MEX,North America,,Very High
99,Mexico,23,6.59,1.07,1.32,0.86,0.43,0.07,0.07,2.76,2018,23.634501,-102.552784,MEX,North America,,Very High
100,Mexico,24,6.47,1.02,1.23,0.83,0.55,0.08,0.08,2.66,2019,23.634501,-102.552784,MEX,North America,,Very High
116,Panama,25,6.7,1.18,0.99,0.71,0.49,0.24,0.08,3.01,2015,8.537981,-80.782127,PAN,North America,,Very High
117,Panama,30,6.45,1.23,1.37,0.71,0.55,0.21,0.07,2.31,2016,8.537981,-80.782127,PAN,North America,,Very High
118,Panama,27,6.43,1.11,1.44,0.76,0.6,0.13,0.06,2.34,2017,8.537981,-80.782127,PAN,North America,,Very High
119,Panama,31,6.32,1.15,1.44,0.91,0.52,0.11,0.05,2.14,2018,8.537981,-80.782127,PAN,North America,,Very High
120,Panama,36,6.3,1.1,1.38,0.88,0.58,0.1,0.05,2.22,2019,8.537981,-80.782127,PAN,North America,,Very High
185,Guatemala,39,6.32,0.83,0.87,0.54,0.5,0.29,0.09,3.2,2015,15.783471,-90.230759,GTM,North America,,Very High
186,Guatemala,29,6.45,0.87,1.26,0.54,0.53,0.28,0.08,2.89,2016,15.783471,-90.230759,GTM,North America,,Very High
187,Guatemala,30,6.38,0.78,1.27,0.61,0.6,0.18,0.07,2.87,2017,15.783471,-90.230759,GTM,North America,,Very High
188,Guatemala,27,6.44,0.8,1.27,0.75,0.53,0.18,0.08,2.83,2018,15.783471,-90.230759,GTM,North America,,Very High
189,Guatemala,29,6.4,0.75,1.17,0.71,0.61,0.17,0.1,2.88,2019,15.783471,-90.230759,GTM,North America,,Very High
211,El Salvador,46,6.07,0.87,0.81,0.6,0.37,0.09,0.11,3.22,2015,13.794185,-88.89653,SLV,North America,,High
212,El Salvador,45,6,0.91,1.18,0.6,0.43,0.08,0.09,2.71,2016,13.794185,-88.89653,SLV,North America,,High
213,El Salvador,40,6.17,0.81,1.23,0.64,0.46,0.07,0.08,2.88,2017,13.794185,-88.89653,SLV,North America,,High
214,El Salvador,35,6.25,0.79,1.24,0.79,0.43,0.09,0.07,2.83,2018,13.794185,-88.89653,SLV,North America,,Very High
215,El Salvador,34,6.35,0.75,1.15,0.75,0.52,0.12,0.12,2.94,2019,13.794185,-88.89653,SLV,North America,,Very High
221,Nicaragua,48,5.99,0.69,0.9,0.65,0.47,0.3,0.16,2.82,2015,12.865416,-85.207229,NIC,North America,,High
222,Nicaragua,43,6.07,0.74,1.29,0.65,0.45,0.3,0.13,2.51,2016,12.865416,-85.207229,NIC,North America,,High
223,Nicaragua,41,6.14,0.67,1.32,0.7,0.53,0.21,0.13,2.59,2017,12.865416,-85.207229,NIC,North America,,High
224,Nicaragua,45,6.11,0.69,1.32,0.83,0.43,0.2,0.13,2.49,2018,12.865416,-85.207229,NIC,North America,,High
225,Nicaragua,46,6.14,0.62,1.27,0.8,0.56,0.21,0.17,2.5,2019,12.865416,-85.207229,NIC,North America,,High
241,Belize,52,5.96,0.88,0.69,0.46,0.51,0.24,0.11,3.08,2015,17.189877,-88.49765,BLZ,North America,,High
242,Belize,50,5.96,0.91,1.08,0.45,0.55,0.24,0.1,2.63,2016,17.189877,-88.49765,BLZ,North America,,High
243,Belize,49,5.96,0.81,1.1,0.47,0.59,0.18,0.09,2.71,2017,17.189877,-88.49765,BLZ,North America,,High
339,Jamaica,73,5.51,0.89,0.96,0.59,0.44,0.22,0.04,2.36,2015,18.109581,-77.297508,JAM,North America,,High
340,Jamaica,76,5.31,0.93,1.37,0.64,0.47,0.23,0.06,1.61,2016,18.109581,-77.297508,JAM,North America,,Low
341,Jamaica,56,5.89,0.82,1.49,0.69,0.58,0.1,0.03,2.18,2017,18.109581,-77.297508,JAM,North America,,High
342,Jamaica,56,5.89,0.83,1.48,0.83,0.49,0.11,0.03,2.12,2018,18.109581,-77.297508,JAM,North America,,High
343,Jamaica,60,5.89,0.78,1.41,0.79,0.55,0.12,0.03,2.21,2019,18.109581,-77.297508,JAM,North America,,High
417,Dominican Republic,89,5.16,1.03,0.99,0.58,0.52,0.21,0.12,1.7,2015,18.735693,-70.162651,DOM,North America,,Low
418,Dominican Republic,86,5.23,1.08,1.4,0.57,0.55,0.19,0.11,1.32,2016,18.735693,-70.162651,DOM,North America,,Low
419,Dominican Republic,83,5.3,0.98,1.44,0.61,0.58,0.12,0.11,1.46,2017,18.735693,-70.162651,DOM,North America,,Low
420,Dominican Republic,77,5.43,1.02,1.4,0.78,0.5,0.11,0.1,1.52,2018,18.735693,-70.162651,DOM,North America,,High
421,Dominican Republic,68,5.69,0.98,1.33,0.74,0.56,0.11,0.12,1.84,2019,18.735693,-70.162651,DOM,North America,,High
486,Honduras,104,4.87,0.69,0.76,0.58,0.27,0.2,0.07,2.3,2015,15.199999,-86.241905,HND,North America,,Low
487,Honduras,91,5.18,0.73,1.14,0.58,0.35,0.24,0.07,2.07,2016,15.199999,-86.241905,HND,North America,,Low
488,Honduras,72,5.5,0.62,1.21,0.62,0.46,0.2,0.07,2.33,2017,15.199999,-86.241905,HND,North America,,High
489,Honduras,59,5.86,0.64,1.24,0.83,0.51,0.25,0.08,2.32,2018,15.199999,-86.241905,HND,North America,,High
490,Honduras,56,5.95,0.6,1.19,0.79,0.57,0.26,0.09,2.46,2019,15.199999,-86.241905,HND,North America,,High
639,Haiti,136,4.03,0.34,0.3,0.27,0.12,0.48,0.14,2.37,2015,18.971187,-72.285215,HTI,North America,,Very Low
640,Haiti,145,3.6,0.37,0.64,0.28,0.03,0.49,0.1,1.7,2016,18.971187,-72.285215,HTI,North America,,Very Low
641,Haiti,148,3.58,0.32,0.71,0.29,0.03,0.39,0.1,1.74,2017,18.971187,-72.285215,HTI,North America,,Very Low
642,Haiti,147,3.6,0.32,0.69,0.45,0.03,0.42,0.11,1.58,2018,18.971187,-72.285215,HTI,North America,,Very Low
643,Haiti,142,3.72,0.28,0.65,0.37,0.17,0.46,0.16,1.62,2019,18.971187,-72.285215,HTI,North America,,Very Low
35,New Zealand,8,7.33,1.36,1.17,0.83,0.58,0.49,0.42,2.48,2015,-40.900557,174.885971,NZL,Oceania,OC,Very High
36,New Zealand,8,7.31,1.41,1.55,0.82,0.61,0.5,0.38,2.05,2016,-40.900557,174.885971,NZL,Oceania,OC,Very High
37,New Zealand,8,7.32,1.27,1.6,0.88,0.67,0.37,0.39,2.16,2017,-40.900557,174.885971,NZL,Oceania,OC,Very High
38,New Zealand,8,7.31,1.3,1.56,1.03,0.59,0.33,0.38,2.13,2018,-40.900557,174.885971,NZL,Oceania,OC,Very High
39,New Zealand,8,7.3,1.24,1.49,1.01,0.65,0.33,0.46,2.13,2019,-40.900557,174.885971,NZL,Oceania,OC,Very High
40,Australia,9,7.31,1.44,1.1,0.85,0.57,0.47,0.32,2.55,2015,-25.274398,133.775136,AUS,Oceania,OC,Very High
41,Australia,10,7.28,1.48,1.51,0.84,0.6,0.48,0.3,2.07,2016,-25.274398,133.775136,AUS,Oceania,OC,Very High
42,Australia,10,7.27,1.34,1.57,0.91,0.65,0.36,0.3,2.14,2017,-25.274398,133.775136,AUS,Oceania,OC,Very High
43,Australia,11,7.23,1.37,1.55,1.04,0.56,0.33,0.29,2.09,2018,-25.274398,133.775136,AUS,Oceania,OC,Very High
44,Australia,12,7.22,1.31,1.48,1.02,0.62,0.32,0.34,2.13,2019,-25.274398,133.775136,AUS,Oceania,OC,Very High
76,Brazil,17,6.95,1.09,1.04,0.61,0.4,0.16,0.14,3.51,2015,-14.235004,-51.92528,BRA,South America,SA,Very High
77,Brazil,22,6.64,1.11,1.43,0.62,0.44,0.16,0.11,2.77,2016,-14.235004,-51.92528,BRA,South America,SA,Very High
78,Brazil,28,6.42,0.99,1.47,0.68,0.49,0.11,0.09,2.59,2017,-14.235004,-51.92528,BRA,South America,SA,Very High
79,Brazil,32,6.3,1,1.44,0.8,0.39,0.1,0.09,2.48,2018,-14.235004,-51.92528,BRA,South America,SA,Very High
80,Brazil,32,6.38,0.95,1.36,0.77,0.48,0.13,0.11,2.57,2019,-14.235004,-51.92528,BRA,South America,SA,Very High
111,Chile,24,6.71,1.22,0.91,0.82,0.38,0.32,0.11,2.96,2015,-35.675147,-71.542969,CHL,South America,SA,Very High
112,Chile,20,6.65,1.25,1.28,0.82,0.38,0.33,0.08,2.51,2016,-35.675147,-71.542969,CHL,South America,SA,Very High
113,Chile,25,6.48,1.13,1.33,0.81,0.43,0.2,0.06,2.52,2017,-35.675147,-71.542969,CHL,South America,SA,Very High
114,Chile,26,6.44,1.16,1.37,0.92,0.36,0.19,0.06,2.4,2018,-35.675147,-71.542969,CHL,South America,SA,Very High
115,Chile,39,6.23,1.1,1.32,0.89,0.42,0.16,0.06,2.28,2019,-35.675147,-71.542969,CHL,South America,SA,Very High
121,Argentina,26,6.65,1.15,1.07,0.7,0.42,0.11,0.07,3.13,2015,-38.416097,-63.616672,ARG,South America,SA,Very High
122,Argentina,24,6.6,1.19,1.44,0.7,0.49,0.11,0.06,2.61,2016,-38.416097,-63.616672,ARG,South America,SA,Very High
123,Argentina,29,6.39,1.07,1.47,0.74,0.57,0.06,0.05,2.42,2017,-38.416097,-63.616672,ARG,South America,SA,Very High
124,Argentina,47,6.09,1.09,1.43,0.88,0.47,0.07,0.05,2.1,2018,-38.416097,-63.616672,ARG,South America,SA,High
125,Argentina,55,5.97,1.03,1.37,0.85,0.52,0.07,0.06,2.07,2019,-38.416097,-63.616672,ARG,South America,SA,High
136,Uruguay,29,6.55,1.18,1.03,0.72,0.54,0.18,0.21,2.67,2015,-32.522779,-55.765835,URY,South America,SA,Very High
137,Uruguay,28,6.45,1.22,1.41,0.72,0.58,0.18,0.18,2.17,2016,-32.522779,-55.765835,URY,South America,SA,Very High
138,Uruguay,31,6.38,1.09,1.46,0.77,0.63,0.13,0.16,2.15,2017,-32.522779,-55.765835,URY,South America,SA,Very High
139,Uruguay,33,6.29,1.12,1.46,0.89,0.52,0.13,0.15,2.01,2018,-32.522779,-55.765835,URY,South America,SA,Very High
140,Uruguay,26,6.44,1.07,1.43,0.86,0.59,0.13,0.19,2.17,2019,-32.522779,-55.765835,URY,South America,SA,Very High
146,Colombia,31,6.48,1.03,1.02,0.6,0.45,0.16,0.05,3.17,2015,4.570868,-74.297333,COL,South America,SA,Very High
147,Colombia,36,6.36,1.07,1.4,0.6,0.48,0.15,0.05,2.62,2016,4.570868,-74.297333,COL,South America,SA,Very High
148,Colombia,37,6.26,0.96,1.44,0.64,0.53,0.1,0.04,2.56,2017,4.570868,-74.297333,COL,South America,SA,Very High
149,Colombia,43,6.12,0.99,1.41,0.84,0.47,0.1,0.03,2.29,2018,4.570868,-74.297333,COL,South America,SA,High
150,Colombia,44,6.16,0.93,1.33,0.81,0.53,0.09,0.05,2.42,2019,4.570868,-74.297333,COL,South America,SA,High
190,Suriname,40,6.27,1.1,0.78,0.51,0.52,0.17,0.13,3.07,2015,3.919305,-56.027783,SUR,South America,SA,Very High
201,Venezuela,44,6.08,1.13,1.03,0.62,0.2,0.04,0.08,2.97,2015,6.42375,-66.58973,VEN,South America,SA,High
202,Venezuela,82,5.25,1.13,1.43,0.62,0.15,0.07,0.06,1.79,2016,6.42375,-66.58973,VEN,South America,SA,Low
203,Venezuela,102,4.81,1,1.47,0.66,0.13,0.06,0.05,1.44,2017,6.42375,-66.58973,VEN,South America,SA,Low
204,Venezuela,108,4.71,0.96,1.43,0.81,0.15,0.06,0.05,1.25,2018,6.42375,-66.58973,VEN,South America,SA,Low
205,Venezuela,99,5.05,0.77,1.35,0.77,0.27,0.09,0.06,1.74,2019,6.42375,-66.58973,VEN,South America,SA,Low
236,Ecuador,51,5.98,0.97,0.86,0.69,0.4,0.1,0.18,2.77,2015,-1.831239,-78.183406,ECU,South America,SA,High
237,Ecuador,44,6.01,1,1.29,0.69,0.46,0.15,0.14,2.29,2016,-1.831239,-78.183406,ECU,South America,SA,High
238,Ecuador,48,5.97,0.89,1.33,0.74,0.56,0.11,0.12,2.23,2017,-1.831239,-78.183406,ECU,South America,SA,High
239,Ecuador,50,6.03,0.91,1.31,0.87,0.5,0.13,0.09,2.23,2018,-1.831239,-78.183406,ECU,South America,SA,High
240,Ecuador,58,5.93,0.85,1.22,0.84,0.56,0.12,0.09,2.25,2019,-1.831239,-78.183406,ECU,South America,SA,High
274,Bolivia,59,5.82,0.79,0.84,0.47,0.51,0.22,0.08,2.92,2015,-16.290154,-63.588653,BOL,South America,SA,High
275,Bolivia,57,5.82,0.83,1.23,0.47,0.56,0.23,0.06,2.44,2016,-16.290154,-63.588653,BOL,South America,SA,High
276,Bolivia,62,5.75,0.75,1.22,0.51,0.61,0.14,0.05,2.47,2017,-16.290154,-63.588653,BOL,South America,SA,High
277,Bolivia,61,5.78,0.78,1.21,0.71,0.51,0.14,0.06,2.38,2018,-16.290154,-63.588653,BOL,South America,SA,High
278,Bolivia,65,5.75,0.73,1.14,0.66,0.57,0.14,0.07,2.43,2019,-16.290154,-63.588653,BOL,South America,SA,High
294,Peru,64,5.74,1,0.81,0.63,0.38,0.15,0.05,2.73,2015,-9.189967,-75.015152,PER,South America,SA,High
295,Peru,63,5.72,1.04,1.22,0.63,0.45,0.13,0.05,2.21,2016,-9.189967,-75.015152,PER,South America,SA,High
296,Peru,65,5.66,0.93,1.25,0.67,0.53,0.09,0.03,2.15,2017,-9.189967,-75.015152,PER,South America,SA,High
297,Peru,65,5.7,0.96,1.27,0.85,0.45,0.08,0.03,2.04,2018,-9.189967,-75.015152,PER,South America,SA,High
298,Peru,63,5.8,0.92,1.21,0.82,0.51,0.09,0.03,2.21,2019,-9.189967,-75.015152,PER,South America,SA,High
324,Paraguay,70,5.54,0.89,1.11,0.58,0.46,0.25,0.07,2.16,2015,-23.442503,-58.443832,PRY,South America,SA,High
325,Paraguay,70,5.49,0.93,1.51,0.58,0.47,0.22,0.09,1.69,2016,-23.442503,-58.443832,PRY,South America,SA,High
326,Paraguay,64,5.68,0.84,1.52,0.62,0.54,0.16,0.07,1.93,2017,-23.442503,-58.443832,PRY,South America,SA,High
327,Paraguay,63,5.74,0.86,1.48,0.78,0.51,0.18,0.08,1.86,2018,-23.442503,-58.443832,PRY,South America,SA,High
328,Paraguay,67,5.69,0.9,1.37,0.74,0.59,0.2,0.07,1.83,2019,-23.442503,-58.443832,PRY,South America,SA,High
